id,name,code,level,qualification_group,education_level,skill_level,date_from,active,parent_id/id
bg_ncop_0110,Длъжности заемани от офицери,0110,unit_group,military,secondary,2,2025-01-01,TRUE
bg_ncop_0210,Длъжности заемани от сержанти,0210,unit_group,military,secondary,2,2025-01-01,TRUE
bg_ncop_0310,Длъжности заемани от войници,0310,unit_group,military,secondary,2,2025-01-01,TRUE
bg_ncop_1111,Законодатели,1111,unit_group,manager,higher,4,2025-01-01,TRUE
bg_ncop_1112,Висши представители на държавни органи,1112,unit_group,manager,higher,4,2025-01-01,TRUE
bg_ncop_1113,Традиционни старейшини и селски водачи/управници,1113,unit_group,manager,higher,4,2025-01-01,FALSE
bg_ncop_1114,Висши представители на организации с нестопанска цел,1114,unit_group,manager,higher,4,2025-01-01,TRUE
bg_ncop_1120,Управляващи и изпълнителни директори,1120,unit_group,manager,higher,4,2025-01-01,TRUE
bg_ncop_1211,Ръководители на финансови дейности,1211,unit_group,manager,higher,4,2025-01-01,TRUE
bg_ncop_1212,Ръководители по управление на човешките ресурси,1212,unit_group,manager,higher,4,2025-01-01,TRUE
bg_ncop_1213,Ръководители по политики и стратегическо планиране,1213,unit_group,manager,higher,4,2025-01-01,TRUE
bg_ncop_1219,Ръководители в бизнес услугите и административните дейности н.д.,1219,unit_group,manager,higher,4,2025-01-01,TRUE
bg_ncop_1221,Ръководители по продажби и маркетинг,1221,unit_group,manager,higher,4,2025-01-01,TRUE
bg_ncop_1222,Ръководители реклама и връзки с обществеността,1222,unit_group,manager,higher,4,2025-01-01,TRUE
bg_ncop_1223,Ръководители на научноизследователска и развойна дейност,1223,unit_group,manager,higher,4,2025-01-01,TRUE
bg_ncop_1311,Ръководители в селското и горското стопанство,1311,unit_group,manager,secondary,3,2025-01-01,TRUE
bg_ncop_1312,Ръководители в риболова и аквакултурите,1312,unit_group,manager,secondary,3,2025-01-01,TRUE
bg_ncop_1321,Ръководители в преработващата промишленост,1321,unit_group,manager,secondary,3,2025-01-01,TRUE
bg_ncop_1322,Ръководители в добивната промишленост,1322,unit_group,manager,secondary,3,2025-01-01,TRUE
bg_ncop_1323,Ръководители в строителството,1323,unit_group,manager,secondary,3,2025-01-01,TRUE
bg_ncop_1324,Ръководители снабдяване дистрибуция и сродни на тях,1324,unit_group,manager,secondary,3,2025-01-01,TRUE
bg_ncop_1330,Ръководители в областта на информационните и комуникационните технологии,1330,unit_group,manager,higher,4,2025-01-01,TRUE
bg_ncop_1341,Ръководители в областта на услугите за грижи за деца,1341,unit_group,manager,higher,4,2025-01-01,TRUE
bg_ncop_1342,Ръководители в здравеопазването,1342,unit_group,manager,higher,4,2025-01-01,TRUE
bg_ncop_1343,Ръководители в областта на услугите за грижи за възрастни хора,1343,unit_group,manager,higher,4,2025-01-01,TRUE
bg_ncop_1344,Ръководители на социални услуги,1344,unit_group,manager,higher,4,2025-01-01,TRUE
bg_ncop_1345,Ръководители в образованието,1345,unit_group,manager,higher,4,2025-01-01,TRUE
bg_ncop_1346,Ръководители на клонове на финансови и застрахователни институции,1346,unit_group,manager,higher,4,2025-01-01,TRUE
bg_ncop_1349,Ръководители в областта на професионалните услуги н.д.,1349,unit_group,manager,higher,4,2025-01-01,TRUE
bg_ncop_1411,Управители на хотели,1411,unit_group,manager,secondary,3,2025-01-01,TRUE
bg_ncop_1412,Управители на ресторанти,1412,unit_group,manager,secondary,3,2025-01-01,TRUE
bg_ncop_1420,Ръководители в търговията на едро и дребно,1420,unit_group,manager,secondary,3,2025-01-01,TRUE
bg_ncop_1431,Ръководители на спортни центрове центрове за отдих и културни центрове,1431,unit_group,manager,secondary,3,2025-01-01,TRUE
bg_ncop_1439,Ръководители на други услуги н.д.,1439,unit_group,manager,secondary,3,2025-01-01,TRUE
bg_ncop_2111,Физици и астрономи,2111,unit_group,specialist,higher,4,2025-01-01,TRUE
bg_ncop_2112,Метеоролози,2112,unit_group,specialist,higher,4,2025-01-01,TRUE
bg_ncop_2113,Химици,2113,unit_group,specialist,higher,4,2025-01-01,TRUE
bg_ncop_2114,Геолози и геофизици,2114,unit_group,specialist,higher,4,2025-01-01,TRUE
bg_ncop_2120,Математици актюери и статистици,2120,unit_group,specialist,higher,4,2025-01-01,TRUE
bg_ncop_2131,Биолози ботаници зоолози и сродни на тях,2131,unit_group,specialist,higher,4,2025-01-01,TRUE
bg_ncop_2132,Специалисти в селското горското и рибното стопанство,2132,unit_group,specialist,higher,4,2025-01-01,TRUE
bg_ncop_2133,Специалисти по опазване на околната среда,2133,unit_group,specialist,higher,4,2025-01-01,TRUE
bg_ncop_2141,Инженери в промишленото производство,2141,unit_group,specialist,higher,4,2025-01-01,TRUE
bg_ncop_2142,Строителни инженери,2142,unit_group,specialist,higher,4,2025-01-01,TRUE
bg_ncop_2143,Инженер-еколози,2143,unit_group,specialist,higher,4,2025-01-01,TRUE
bg_ncop_2144,Машинни инженери,2144,unit_group,specialist,higher,4,2025-01-01,TRUE
bg_ncop_2145,Инженер-химици,2145,unit_group,specialist,higher,4,2025-01-01,TRUE
bg_ncop_2146,Минни инженери инженер-металурзи и сродни на тях,2146,unit_group,specialist,higher,4,2025-01-01,TRUE
bg_ncop_2149,Специалисти по технически науки н.д.,2149,unit_group,specialist,higher,4,2025-01-01,TRUE
bg_ncop_2151,Електроинженери,2151,unit_group,specialist,higher,4,2025-01-01,TRUE
bg_ncop_2152,Инженери по електроника,2152,unit_group,specialist,higher,4,2025-01-01,TRUE
bg_ncop_2153,Инженери по телекомуникационни технологии,2153,unit_group,specialist,higher,4,2025-01-01,TRUE
bg_ncop_2161,Архитекти,2161,unit_group,specialist,higher,4,2025-01-01,TRUE
bg_ncop_2162,Ландшафтни архитекти,2162,unit_group,specialist,higher,4,2025-01-01,TRUE
bg_ncop_2163,Дизайнери на облекло и промишлени продукти,2163,unit_group,specialist,higher,4,2025-01-01,TRUE
bg_ncop_2164,Урбанисти,2164,unit_group,specialist,higher,4,2025-01-01,TRUE
bg_ncop_2165,Картографи и земемери,2165,unit_group,specialist,higher,4,2025-01-01,TRUE
bg_ncop_2166,Графични и мултимедийни дизайнери,2166,unit_group,specialist,higher,4,2025-01-01,TRUE
bg_ncop_2211,Общопрактикуващи лекари,2211,unit_group,specialist,higher,4,2025-01-01,TRUE
bg_ncop_2212,Лекари специалисти,2212,unit_group,specialist,higher,4,2025-01-01,TRUE
bg_ncop_2221,Медицински сестри,2221,unit_group,specialist,higher,4,2025-01-01,TRUE
bg_ncop_2222,Акушерки,2222,unit_group,specialist,higher,4,2025-01-01,TRUE
bg_ncop_2230,Специалисти в областта на традиционната и комплементарна медицина,2230,unit_group,specialist,higher,4,2025-01-01,TRUE
bg_ncop_2240,Лекарски асистенти и фелдшери,2240,unit_group,specialist,higher,4,2025-01-01,TRUE
bg_ncop_2250,Ветеринари,2250,unit_group,specialist,higher,4,2025-01-01,TRUE
bg_ncop_2261,Лекари по дентална медицина,2261,unit_group,specialist,higher,4,2025-01-01,TRUE
bg_ncop_2262,Фармацевти,2262,unit_group,specialist,higher,4,2025-01-01,TRUE
bg_ncop_2263,Специалисти по медицинска екология хигиена и здравословни условия на труд,2263,unit_group,specialist,higher,4,2025-01-01,TRUE
bg_ncop_2264,Физиотераписти,2264,unit_group,specialist,higher,4,2025-01-01,TRUE
bg_ncop_2265,Диетолози и специалисти по хранене,2265,unit_group,specialist,higher,4,2025-01-01,TRUE
bg_ncop_2266,Аудиолози и логопеди,2266,unit_group,specialist,higher,4,2025-01-01,TRUE
bg_ncop_2267,Оптометристи и оптици,2267,unit_group,specialist,higher,4,2025-01-01,TRUE
bg_ncop_2269,Други медицински и здравни специалисти н.д.,2269,unit_group,specialist,higher,4,2025-01-01,TRUE
bg_ncop_2310,Преподаватели във висши училища,2310,unit_group,specialist,higher,4,2025-01-01,TRUE
bg_ncop_2320,Учители по професионална подготовка в професионалното образование и обучение и преподаватели в ЦПО и в професионалните колежи,2320,unit_group,specialist,higher,4,2025-01-01,TRUE
bg_ncop_2330,Учители по общообразователна подготовка в средното образование (V-XII клас),2330,unit_group,specialist,higher,4,2025-01-01,TRUE
bg_ncop_2341,Учители в начален етап на основното образование (I-IV клас),2341,unit_group,specialist,higher,4,2025-01-01,TRUE
bg_ncop_2342,Учители в предучилищно възпитание и подготовка,2342,unit_group,specialist,higher,4,2025-01-01,TRUE
bg_ncop_2351,Специалисти по образователни методи,2351,unit_group,specialist,higher,4,2025-01-01,TRUE
bg_ncop_2352,Учители за лица със специални образователни потребности,2352,unit_group,specialist,higher,4,2025-01-01,TRUE
bg_ncop_2353,Други учители/ преподаватели по чужд език в занимания по интереси,2353,unit_group,specialist,higher,4,2025-01-01,TRUE
bg_ncop_2354,Други учители/ преподаватели по музика в занимания по интереси,2354,unit_group,specialist,higher,4,2025-01-01,TRUE
bg_ncop_2355,Други учители/ преподаватели по изкуства в занимания по интереси,2355,unit_group,specialist,higher,4,2025-01-01,TRUE
bg_ncop_2356,Други учители/ преподаватели по информационни технологии в занимания по интереси,2356,unit_group,specialist,higher,4,2025-01-01,TRUE
bg_ncop_2359,Други преподаватели н.д.,2359,unit_group,specialist,higher,4,2025-01-01,TRUE
bg_ncop_2411,Одитори и счетоводители,2411,unit_group,specialist,higher,4,2025-01-01,TRUE
bg_ncop_2412,Финансови и инвестиционни консултанти,2412,unit_group,specialist,higher,4,2025-01-01,TRUE
bg_ncop_2413,Финансови анализатори,2413,unit_group,specialist,higher,4,2025-01-01,TRUE
bg_ncop_2421,Анализатори по управление и организация,2421,unit_group,specialist,higher,4,2025-01-01,TRUE
bg_ncop_2422,Специалисти по администриране на политики,2422,unit_group,specialist,higher,4,2025-01-01,TRUE
bg_ncop_2423,Специалисти по управление на персонала и кариерно развитие,2423,unit_group,specialist,higher,4,2025-01-01,TRUE
bg_ncop_2424,Специалисти по обучение и развитие на персонала,2424,unit_group,specialist,higher,4,2025-01-01,TRUE
bg_ncop_2431,Специалисти по реклама и маркетинг,2431,unit_group,specialist,higher,4,2025-01-01,TRUE
bg_ncop_2432,Специалисти по връзки с обществеността,2432,unit_group,specialist,higher,4,2025-01-01,TRUE
bg_ncop_2433,Специалисти по продажби в областта на медицината и техниката (без информационни и комуникационни технологии),2433,unit_group,specialist,higher,4,2025-01-01,TRUE
bg_ncop_2434,Специалисти по продажби в областта на информационните и комуникационни технологии,2434,unit_group,specialist,higher,4,2025-01-01,TRUE
bg_ncop_2511,Системни анализатори,2511,unit_group,specialist,higher,4,2025-01-01,TRUE
bg_ncop_2512,Софтуерни разработчици,2512,unit_group,specialist,higher,4,2025-01-01,TRUE
bg_ncop_2513,Разработчици на уебсъдържание и мултимедия,2513,unit_group,specialist,higher,4,2025-01-01,TRUE
bg_ncop_2514,Приложни програмисти,2514,unit_group,specialist,higher,4,2025-01-01,TRUE
bg_ncop_2519,Разработчици на софтуер и софтуерни приложения и анализатори н.д.,2519,unit_group,specialist,higher,4,2025-01-01,TRUE
bg_ncop_2521,Проектанти и администратори на бази данни,2521,unit_group,specialist,higher,4,2025-01-01,TRUE
bg_ncop_2522,Системни администратори,2522,unit_group,specialist,higher,4,2025-01-01,TRUE
bg_ncop_2523,Специалисти по компютърни мрежи,2523,unit_group,specialist,higher,4,2025-01-01,TRUE
bg_ncop_2529,Специалисти по бази данни и мрежи н.д.,2529,unit_group,specialist,higher,4,2025-01-01,TRUE
bg_ncop_2611,Прокурори адвокати и юрисконсулти,2611,unit_group,specialist,higher,4,2025-01-01,TRUE
bg_ncop_2612,Съдии,2612,unit_group,specialist,higher,4,2025-01-01,TRUE
bg_ncop_2619,Юристи н.д.,2619,unit_group,specialist,higher,4,2025-01-01,TRUE
bg_ncop_2621,Архивисти и уредници,2621,unit_group,specialist,higher,4,2025-01-01,TRUE
bg_ncop_2622,Библиотекари и сродни на тях специалисти,2622,unit_group,specialist,higher,4,2025-01-01,TRUE
bg_ncop_2631,Икономисти,2631,unit_group,specialist,higher,4,2025-01-01,TRUE
bg_ncop_2632,Социолози антрополози и сродни на тях,2632,unit_group,specialist,higher,4,2025-01-01,TRUE
bg_ncop_2633,Философи историци и политолози,2633,unit_group,specialist,higher,4,2025-01-01,TRUE
bg_ncop_2634,Психолози,2634,unit_group,specialist,higher,4,2025-01-01,TRUE
bg_ncop_2635,Специалисти по социална работа и консултиране,2635,unit_group,specialist,higher,4,2025-01-01,TRUE
bg_ncop_2636,Духовници и специалисти по религии,2636,unit_group,specialist,higher,4,2025-01-01,TRUE
bg_ncop_2641,Писатели и сродни на тях,2641,unit_group,specialist,higher,4,2025-01-01,TRUE
bg_ncop_2642,Журналисти,2642,unit_group,specialist,higher,4,2025-01-01,TRUE
bg_ncop_2643,Преводачи и други езиковеди,2643,unit_group,specialist,higher,4,2025-01-01,TRUE
bg_ncop_2651,Склуптори художници и сродни на тях,2651,unit_group,specialist,higher,4,2025-01-01,TRUE
bg_ncop_2652,Музиканти певци и композитори,2652,unit_group,specialist,higher,4,2025-01-01,TRUE
bg_ncop_2653,Танцьори и хореографи,2653,unit_group,specialist,higher,4,2025-01-01,TRUE
bg_ncop_2654,Филмови и театрални режисьори и продуценти и сродни на тях,2654,unit_group,specialist,higher,4,2025-01-01,TRUE
bg_ncop_2655,Актьори,2655,unit_group,specialist,higher,4,2025-01-01,TRUE
bg_ncop_2656,Радио- телевизионни и други говорители,2656,unit_group,specialist,higher,4,2025-01-01,TRUE
bg_ncop_2659,Творци и изпълнители н.д.,2659,unit_group,specialist,higher,4,2025-01-01,TRUE
bg_ncop_3111,Техници в областта на химическите и физическите науки,3111,unit_group,technician,secondary,3,2025-01-01,TRUE
bg_ncop_3112,Строителни техници,3112,unit_group,technician,secondary,3,2025-01-01,TRUE
bg_ncop_3113,Електротехници,3113,unit_group,technician,secondary,3,2025-01-01,TRUE
bg_ncop_3114,Електронни техници,3114,unit_group,technician,secondary,3,2025-01-01,TRUE
bg_ncop_3115,Машинни техници,3115,unit_group,technician,secondary,3,2025-01-01,TRUE
bg_ncop_3116,Химик-технолози,3116,unit_group,technician,secondary,3,2025-01-01,TRUE
bg_ncop_3117,Минни и металургични техници,3117,unit_group,technician,secondary,3,2025-01-01,TRUE
bg_ncop_3118,Чертожници,3118,unit_group,technician,secondary,3,2025-01-01,TRUE
bg_ncop_3119,Приложни специалисти във физическите и техническите науки н.д.,3119,unit_group,technician,secondary,3,2025-01-01,TRUE
bg_ncop_3121,Приложни специалисти с контролни функции в добивната промишленост,3121,unit_group,technician,secondary,3,2025-01-01,TRUE
bg_ncop_3122,Приложни специалисти с контролни функции в преработващата промишленост,3122,unit_group,technician,secondary,3,2025-01-01,TRUE
bg_ncop_3123,Приложни специалисти с контролни функции в строителството,3123,unit_group,technician,secondary,3,2025-01-01,TRUE
bg_ncop_3131,Оператори в енергийното производство,3131,unit_group,technician,secondary,3,2025-01-01,TRUE
bg_ncop_3132,Оператори на пречиствателни станции за отпадъчни води и инсинератори,3132,unit_group,technician,secondary,3,2025-01-01,TRUE
bg_ncop_3133,Оператори по контрол на процеси в химическото производство,3133,unit_group,technician,secondary,3,2025-01-01,TRUE
bg_ncop_3134,Оператори в заводи за преработване на нефт и природен газ,3134,unit_group,technician,secondary,3,2025-01-01,TRUE
bg_ncop_3135,Оператори по контрол на процеси в металургичното производство,3135,unit_group,technician,secondary,3,2025-01-01,TRUE
bg_ncop_3139,Техници по контрол на производствени процеси н.д.,3139,unit_group,technician,secondary,3,2025-01-01,TRUE
bg_ncop_3141,Природонаучни техници (без медицинските),3141,unit_group,technician,secondary,3,2025-01-01,TRUE
bg_ncop_3142,Агротехници,3142,unit_group,technician,secondary,3,2025-01-01,TRUE
bg_ncop_3143,Техници в горското стопанство,3143,unit_group,technician,secondary,3,2025-01-01,TRUE
bg_ncop_3151,Корабни механици и техници,3151,unit_group,technician,secondary,3,2025-01-01,TRUE
bg_ncop_3152,Корабни палубни офицери и пилоти,3152,unit_group,technician,secondary,3,2025-01-01,TRUE
bg_ncop_3153,Самолетни пилоти и сродни на тях специалисти,3153,unit_group,technician,secondary,3,2025-01-01,TRUE
bg_ncop_3154,Ръководители на полети,3154,unit_group,technician,secondary,3,2025-01-01,TRUE
bg_ncop_3155,Техници по сигурността на въздушния трафик,3155,unit_group,technician,secondary,3,2025-01-01,TRUE
bg_ncop_3211,Оператори на медицинска апаратура за образна диагностика и терапия,3211,unit_group,technician,secondary,3,2025-01-01,TRUE
bg_ncop_3212,Приложни специалисти в медицински и патологични лаборатории,3212,unit_group,technician,secondary,3,2025-01-01,TRUE
bg_ncop_3213,Помощник-фармацевти,3213,unit_group,technician,secondary,3,2025-01-01,TRUE
bg_ncop_3214,Ортопедични техници зъботехници и сродни на тях,3214,unit_group,technician,secondary,3,2025-01-01,TRUE
bg_ncop_3221,Помощник-медицински сестри,3221,unit_group,technician,secondary,3,2025-01-01,TRUE
bg_ncop_3222,Помощник-акушерки,3222,unit_group,technician,secondary,3,2025-01-01,TRUE
bg_ncop_3230,Приложни специалисти в областта на традиционната и комплементарната медицина,3230,unit_group,technician,secondary,3,2025-01-01,TRUE
bg_ncop_3240,Ветеринарни техници и асистенти,3240,unit_group,technician,secondary,3,2025-01-01,TRUE
bg_ncop_3251,Асистенти и терапевти в денталната медицина,3251,unit_group,technician,secondary,3,2025-01-01,TRUE
bg_ncop_3252,Специалисти по медицински досиета и здравна информация,3252,unit_group,technician,secondary,3,2025-01-01,TRUE
bg_ncop_3253,Здравни работници в общности,3253,unit_group,technician,secondary,3,2025-01-01,TRUE
bg_ncop_3254,Оптици техници,3254,unit_group,technician,secondary,3,2025-01-01,TRUE
bg_ncop_3255,Приложни специалисти във физиотерапията,3255,unit_group,technician,secondary,3,2025-01-01,TRUE
bg_ncop_3256,Медицински асистенти,3256,unit_group,technician,secondary,3,2025-01-01,TRUE
bg_ncop_3257,Инспектори по медицинска екология здравословни и безопасни условия на труд и сродни на тях,3257,unit_group,technician,secondary,3,2025-01-01,TRUE
bg_ncop_3258,Приложни специалисти в оказването на спешна медицинска помощ,3258,unit_group,technician,secondary,3,2025-01-01,TRUE
bg_ncop_3259,Други приложни специалисти в здравеопазването н.д.,3259,unit_group,technician,secondary,3,2025-01-01,TRUE
bg_ncop_3311,Дилъри на ценни книжа и финансови посредници,3311,unit_group,technician,secondary,3,2025-01-01,TRUE
bg_ncop_3312,Кредитни специалисти,3312,unit_group,technician,secondary,3,2025-01-01,TRUE
bg_ncop_3313,Оперативни счетоводители,3313,unit_group,technician,secondary,3,2025-01-01,TRUE
bg_ncop_3314,Приложни специалисти по статистика математика и сродни на тях,3314,unit_group,technician,secondary,3,2025-01-01,TRUE
bg_ncop_3315,Оценители на имущество и щети,3315,unit_group,technician,secondary,3,2025-01-01,TRUE
bg_ncop_3321,Застрахователни агенти,3321,unit_group,technician,secondary,3,2025-01-01,TRUE
bg_ncop_3322,Търговски представители,3322,unit_group,technician,secondary,3,2025-01-01,TRUE
bg_ncop_3323,Търговски представители по закупуване на стоки,3323,unit_group,technician,secondary,3,2025-01-01,TRUE
bg_ncop_3324,Търговски посредници,3324,unit_group,technician,secondary,3,2025-01-01,TRUE
bg_ncop_3331,Агенти по спедиция на товари,3331,unit_group,technician,secondary,3,2025-01-01,TRUE
bg_ncop_3332,Организатори на конференции и събития,3332,unit_group,technician,secondary,3,2025-01-01,TRUE
bg_ncop_3333,Трудови посредници,3333,unit_group,technician,secondary,3,2025-01-01,TRUE
bg_ncop_3334,Агенти на недвижими имоти и управление на собственост,3334,unit_group,technician,secondary,3,2025-01-01,TRUE
bg_ncop_3339,Посредници в бизнес услугите н.д.,3339,unit_group,technician,secondary,3,2025-01-01,TRUE
bg_ncop_3341,Офис мениджъри,3341,unit_group,technician,secondary,3,2025-01-01,TRUE
bg_ncop_3342,Правни секретари,3342,unit_group,technician,secondary,3,2025-01-01,TRUE
bg_ncop_3343,Административни и изпълнителни секретари,3343,unit_group,technician,secondary,3,2025-01-01,TRUE
bg_ncop_3344,Медицински секретари,3344,unit_group,technician,secondary,3,2025-01-01,TRUE
bg_ncop_3351,Митнически и гранични инспектори,3351,unit_group,technician,secondary,3,2025-01-01,TRUE
bg_ncop_3352,Служители в държавната администрация извършващи данъчен и финансов контрол,3352,unit_group,technician,secondary,3,2025-01-01,TRUE
bg_ncop_3353,Служители в държавната администрация по социално подпомагане и социално осигуряване,3353,unit_group,technician,secondary,3,2025-01-01,TRUE
bg_ncop_3354,Служители в държавната администрация издаващи разрешителни и лицензии,3354,unit_group,technician,secondary,3,2025-01-01,TRUE
bg_ncop_3355,Полицейски инспектори и оперативни работници,3355,unit_group,technician,secondary,3,2025-01-01,TRUE
bg_ncop_3359,Приложни специалисти в държавната администрация н.д.,3359,unit_group,technician,secondary,3,2025-01-01,TRUE
bg_ncop_3411,Приложни специалисти по юридически дейности и сродни на тях,3411,unit_group,technician,secondary,3,2025-01-01,TRUE
bg_ncop_3412,Приложни специалисти по социална работа,3412,unit_group,technician,secondary,3,2025-01-01,TRUE
bg_ncop_3413,Религиозни служители,3413,unit_group,technician,secondary,3,2025-01-01,TRUE
bg_ncop_3421,Атлети и състезатели,3421,unit_group,technician,secondary,3,2025-01-01,TRUE
bg_ncop_3422,Спортни треньори инструктори и сродни на тях,3422,unit_group,technician,secondary,3,2025-01-01,TRUE
bg_ncop_3423,Фитнес инструктори и ръководители на програми за отдих и спорт,3423,unit_group,technician,secondary,3,2025-01-01,TRUE
bg_ncop_3431,Фотографи,3431,unit_group,technician,secondary,3,2025-01-01,TRUE
bg_ncop_3432,Интериорни дизайнери и декоратори,3432,unit_group,technician,secondary,3,2025-01-01,TRUE
bg_ncop_3433,Технически персонал в галерии музеи и библиотеки,3433,unit_group,technician,secondary,3,2025-01-01,TRUE
bg_ncop_3434,Главни готвачи,3434,unit_group,technician,secondary,3,2025-01-01,TRUE
bg_ncop_3435,Други приложни специалисти в областта на изкуствата и културата,3435,unit_group,technician,secondary,3,2025-01-01,TRUE
bg_ncop_3511,Оперативни техници в областта на информационните и комуникационни технологии,3511,unit_group,technician,secondary,3,2025-01-01,TRUE
bg_ncop_3512,Техници по обслужване на потребители в областта на информационните и комуникационни технологии,3512,unit_group,technician,secondary,3,2025-01-01,TRUE
bg_ncop_3513,Техници на компютърни мрежи и системи,3513,unit_group,technician,secondary,3,2025-01-01,TRUE
bg_ncop_3514,Уеб техници,3514,unit_group,technician,secondary,3,2025-01-01,TRUE
bg_ncop_3521,Техници по радио- телевизионна и аудио-визуална техника,3521,unit_group,technician,secondary,3,2025-01-01,TRUE
bg_ncop_3522,Техници по далекосъобщителна техника,3522,unit_group,technician,secondary,3,2025-01-01,TRUE
bg_ncop_4110,Общи административни служители,4110,unit_group,clerk,secondary,2,2025-01-01,TRUE
bg_ncop_4120,Секретари с общи функции,4120,unit_group,clerk,secondary,2,2025-01-01,TRUE
bg_ncop_4131,Машинописци и текстообработващи оператори,4131,unit_group,clerk,secondary,2,2025-01-01,TRUE
bg_ncop_4132,Оператори по въвеждане на данни,4132,unit_group,clerk,secondary,2,2025-01-01,TRUE
bg_ncop_4211,Банкови касиери и сродни на тях,4211,unit_group,clerk,secondary,2,2025-01-01,TRUE
bg_ncop_4212,Букмейкъри крупиета и сродни на тях,4212,unit_group,clerk,secondary,2,2025-01-01,TRUE
bg_ncop_4213,Комисионери и лихвари,4213,unit_group,clerk,secondary,2,2025-01-01,TRUE
bg_ncop_4214,Инкасатори на дългови задължения и сродни на тях,4214,unit_group,clerk,secondary,2,2025-01-01,TRUE
bg_ncop_4221,Консултанти и служители в пътнически агенции,4221,unit_group,clerk,secondary,2,2025-01-01,TRUE
bg_ncop_4222,Оператори в контактни центрове,4222,unit_group,clerk,secondary,2,2025-01-01,TRUE
bg_ncop_4223,Телефонисти,4223,unit_group,clerk,secondary,2,2025-01-01,TRUE
bg_ncop_4224,Рецепционисти в хотели,4224,unit_group,clerk,secondary,2,2025-01-01,TRUE
bg_ncop_4225,Служители обслужващи запитвания на клиенти,4225,unit_group,clerk,secondary,2,2025-01-01,TRUE
bg_ncop_4226,Рецепционисти с общи функции,4226,unit_group,clerk,secondary,2,2025-01-01,TRUE
bg_ncop_4227,Анкетьори в изследвания,4227,unit_group,clerk,secondary,2,2025-01-01,TRUE
bg_ncop_4229,Персонал информиращ клиенти н.д.,4229,unit_group,clerk,secondary,2,2025-01-01,TRUE
bg_ncop_4311,Служители водещи счетоводни сметки и документи,4311,unit_group,clerk,secondary,2,2025-01-01,TRUE
bg_ncop_4312,Служители водещи статистически финансови и застрахователни документи,4312,unit_group,clerk,secondary,2,2025-01-01,TRUE
bg_ncop_4313,Служители водещи платежни ведомости,4313,unit_group,clerk,secondary,2,2025-01-01,TRUE
bg_ncop_4321,Персонал водещ стокови документи,4321,unit_group,clerk,secondary,2,2025-01-01,TRUE
bg_ncop_4322,Персонал водещ документи за производствени материали,4322,unit_group,clerk,secondary,2,2025-01-01,TRUE
bg_ncop_4323,Персонал водещ транспортни документи,4323,unit_group,clerk,secondary,2,2025-01-01,TRUE
bg_ncop_4411,Помощен персонал в библиотеки,4411,unit_group,clerk,secondary,2,2025-01-01,TRUE
bg_ncop_4412,Пощальони и сортировачи,4412,unit_group,clerk,secondary,2,2025-01-01,TRUE
bg_ncop_4413,Персонал по кодиране и редактиране на документи,4413,unit_group,clerk,secondary,2,2025-01-01,TRUE
bg_ncop_4414,Писари и сродни на тях,4414,unit_group,clerk,secondary,2,2025-01-01,TRUE
bg_ncop_4415,Деловодители/архивари,4415,unit_group,clerk,secondary,2,2025-01-01,TRUE
bg_ncop_4416,Служители човешки ресурси,4416,unit_group,clerk,secondary,2,2025-01-01,TRUE
bg_ncop_4419,Друг помощен административен персонал н.д.,4419,unit_group,clerk,secondary,2,2025-01-01,TRUE
bg_ncop_5111,Персонал обслужващ пътници и стюарди,5111,unit_group,service,secondary,2,2025-01-01,TRUE
bg_ncop_5112,Кондуктори,5112,unit_group,service,secondary,2,2025-01-01,TRUE
bg_ncop_5113,Екскурзоводи,5113,unit_group,service,secondary,2,2025-01-01,TRUE
bg_ncop_5120,Готвачи,5120,unit_group,service,secondary,2,2025-01-01,TRUE
bg_ncop_5131,Сервитьори,5131,unit_group,service,secondary,2,2025-01-01,TRUE
bg_ncop_5132,Бармани,5132,unit_group,service,secondary,2,2025-01-01,TRUE
bg_ncop_5141,Фризьори,5141,unit_group,service,secondary,2,2025-01-01,TRUE
bg_ncop_5142,Козметици и сродни на тях,5142,unit_group,service,secondary,2,2025-01-01,TRUE
bg_ncop_5151,Отговорници по чистотата и поддръжката на офиси хотели и други учреждения,5151,unit_group,service,secondary,2,2025-01-01,TRUE
bg_ncop_5152,Икономи и домашни помощници,5152,unit_group,service,secondary,2,2025-01-01,TRUE
bg_ncop_5153,Домакини на сгради,5153,unit_group,service,secondary,2,2025-01-01,TRUE
bg_ncop_5161,Астролози гадатели и сродни на тях,5161,unit_group,service,secondary,2,2025-01-01,TRUE
bg_ncop_5162,Компаньони и камериери,5162,unit_group,service,secondary,2,2025-01-01,TRUE
bg_ncop_5163,Обслужващ персонал по траурни обреди и балсаматори,5163,unit_group,service,secondary,2,2025-01-01,TRUE
bg_ncop_5164,Персонал грижещ се за животни и домашни любимци,5164,unit_group,service,secondary,2,2025-01-01,TRUE
bg_ncop_5165,Инструктори обучение на водачи на моторни превозни средства,5165,unit_group,service,secondary,2,2025-01-01,TRUE
bg_ncop_5169,Друг обслужващ персонал н.д.,5169,unit_group,service,secondary,2,2025-01-01,TRUE
bg_ncop_5211,Продавачи на пазари павилиони и сергии,5211,unit_group,service,primary,2,2025-01-01,TRUE
bg_ncop_5212,Амбулантни търговци на храни,5212,unit_group,service,primary,2,2025-01-01,TRUE
bg_ncop_5221,Собственици на малки магазини,5221,unit_group,service,secondary,2,2025-01-01,TRUE
bg_ncop_5222,Супервайзъри магазини,5222,unit_group,service,secondary,2,2025-01-01,TRUE
bg_ncop_5223,Продавач-консултанти,5223,unit_group,service,secondary,2,2025-01-01,TRUE
bg_ncop_5230,Касиери и продавачи на билети,5230,unit_group,service,secondary,2,2025-01-01,TRUE
bg_ncop_5241,Манекени и други модели,5241,unit_group,service,secondary,2,2025-01-01,TRUE
bg_ncop_5242,Демонстратори,5242,unit_group,service,secondary,2,2025-01-01,TRUE
bg_ncop_5243,Продавачи от врата до врата,5243,unit_group,service,secondary,2,2025-01-01,TRUE
bg_ncop_5244,Продавачи в контактни центрове,5244,unit_group,service,secondary,2,2025-01-01,TRUE
bg_ncop_5245,Обслужващ персонал на бензиностанции,5245,unit_group,service,secondary,2,2025-01-01,TRUE
bg_ncop_5246,Обслужващ персонал на хранителни щандове,5246,unit_group,service,secondary,2,2025-01-01,TRUE
bg_ncop_5249,Друг персонал зает с търговия н.д.,5249,unit_group,service,secondary,2,2025-01-01,TRUE
bg_ncop_5311,Персонал грижещ се за деца,5311,unit_group,service,secondary,2,2025-01-01,TRUE
bg_ncop_5312,Помощници на учители,5312,unit_group,service,secondary,2,2025-01-01,TRUE
bg_ncop_5321,Санитари,5321,unit_group,service,secondary,2,2025-01-01,TRUE
bg_ncop_5322,Домашни санитари,5322,unit_group,service,secondary,2,2025-01-01,TRUE
bg_ncop_5329,Персонал полагащ здравни грижи за хора н.д.,5329,unit_group,service,secondary,2,2025-01-01,TRUE
bg_ncop_5411,Пожарникари,5411,unit_group,service,secondary,2,2025-01-01,TRUE
bg_ncop_5412,Полицаи,5412,unit_group,service,secondary,2,2025-01-01,TRUE
bg_ncop_5413,Затворнически надзиратели,5413,unit_group,service,secondary,2,2025-01-01,TRUE
bg_ncop_5414,Охранители,5414,unit_group,service,secondary,2,2025-01-01,TRUE
bg_ncop_5419,Персонал осигуряващ защита и сигурност н.д.,5419,unit_group,service,secondary,2,2025-01-01,TRUE
bg_ncop_6111,Полевъди и зеленчукопроизводители,6111,unit_group,skilled,primary,2,2025-01-01,TRUE
bg_ncop_6112,Овощари и работници отглеждащи трайни насаждения,6112,unit_group,skilled,primary,2,2025-01-01,TRUE
bg_ncop_6113,Градинари и работници в оранжерии парници и разсадници,6113,unit_group,skilled,primary,2,2025-01-01,TRUE
bg_ncop_6114,Работници отглеждащи смесени култури,6114,unit_group,skilled,primary,2,2025-01-01,TRUE
bg_ncop_6121,Животновъди и производители на млечни продукти,6121,unit_group,skilled,primary,2,2025-01-01,TRUE
bg_ncop_6122,Птицевъди,6122,unit_group,skilled,primary,2,2025-01-01,TRUE
bg_ncop_6123,Пчелари и бубари,6123,unit_group,skilled,primary,2,2025-01-01,TRUE
bg_ncop_6129,Животновъди н.д.,6129,unit_group,skilled,primary,2,2025-01-01,TRUE
bg_ncop_6130,Производители на смесена (животновъдна и растениевъдна) продукция,6130,unit_group,skilled,primary,2,2025-01-01,TRUE
bg_ncop_6210,Горски работници и сродни на тях,6210,unit_group,skilled,primary,2,2025-01-01,TRUE
bg_ncop_6221,Работници отглеждащи аквакултури,6221,unit_group,skilled,primary,2,2025-01-01,TRUE
bg_ncop_6222,Риболовци във вътрешни и крайбрежни води,6222,unit_group,skilled,primary,2,2025-01-01,TRUE
bg_ncop_6223,Риболовци в дълбоки морски води,6223,unit_group,skilled,primary,2,2025-01-01,TRUE
bg_ncop_6224,Ловци и трапери,6224,unit_group,skilled,primary,2,2025-01-01,TRUE
bg_ncop_6310,Растениевъди произвеждащи за собствено потребление,6310,unit_group,skilled,primary,1,2025-01-01,TRUE
bg_ncop_6320,Животновъди произвеждащи за собствено потребление,6320,unit_group,skilled,primary,1,2025-01-01,TRUE
bg_ncop_6330,Селскостопански работници отглеждащи растения и животни за собствено потребление,6330,unit_group,skilled,primary,1,2025-01-01,TRUE
bg_ncop_6340,Риболовци ловци и берачи произвеждащи за собствено потребление,6340,unit_group,skilled,primary,1,2025-01-01,TRUE
bg_ncop_7111,Строители на жилищни сгради,7111,unit_group,skilled,secondary,2,2025-01-01,TRUE
bg_ncop_7112,Зидари и сродни на тях,7112,unit_group,skilled,secondary,2,2025-01-01,TRUE
bg_ncop_7113,Каменоделци каменоцепачи каменорезачи и каменодълбачи,7113,unit_group,skilled,secondary,2,2025-01-01,TRUE
bg_ncop_7114,Бетонджии кофражисти и сродни на тях,7114,unit_group,skilled,secondary,2,2025-01-01,TRUE
bg_ncop_7115,Дърводелци и дограмаджии,7115,unit_group,skilled,secondary,2,2025-01-01,TRUE
bg_ncop_7119,Строители на сгради и сродни на тях н.д.,7119,unit_group,skilled,secondary,2,2025-01-01,TRUE
bg_ncop_7121,Работници по изграждане и ремонт на покриви,7121,unit_group,skilled,secondary,2,2025-01-01,TRUE
bg_ncop_7122,Работници по поставяне на подови настилки и облицовки,7122,unit_group,skilled,secondary,2,2025-01-01,TRUE
bg_ncop_7123,Гипсаджии,7123,unit_group,skilled,secondary,2,2025-01-01,TRUE
bg_ncop_7124,Работници по изолации,7124,unit_group,skilled,secondary,2,2025-01-01,TRUE
bg_ncop_7125,Работници по стъклопоставяне,7125,unit_group,skilled,secondary,2,2025-01-01,TRUE
bg_ncop_7126,Водопроводчици и тръбопроводчици,7126,unit_group,skilled,secondary,2,2025-01-01,TRUE
bg_ncop_7127,Механици на климатични и охладителни инсталации,7127,unit_group,skilled,secondary,2,2025-01-01,TRUE
bg_ncop_7131,Строителни бояджии и сродни на тях,7131,unit_group,skilled,secondary,2,2025-01-01,TRUE
bg_ncop_7132,Бояджии с лакови бои и сродни на тях,7132,unit_group,skilled,secondary,2,2025-01-01,TRUE
bg_ncop_7133,Чистачи на фасади и коминочистачи,7133,unit_group,skilled,secondary,2,2025-01-01,TRUE
bg_ncop_7211,Металурзи леяци на метали сърцари и сродни на тях,7211,unit_group,skilled,secondary,2,2025-01-01,TRUE
bg_ncop_7212,Заварчици и резачи на метал,7212,unit_group,skilled,secondary,2,2025-01-01,TRUE
bg_ncop_7213,Тенекеджии,7213,unit_group,skilled,secondary,2,2025-01-01,TRUE
bg_ncop_7214,Изготвители и монтажници на метални конструкции,7214,unit_group,skilled,secondary,2,2025-01-01,TRUE
bg_ncop_7215,Производители и монтажници на кабели въжета тръбни конструкции и други,7215,unit_group,skilled,secondary,2,2025-01-01,TRUE
bg_ncop_7221,Ковачи с чукове и преси,7221,unit_group,skilled,secondary,2,2025-01-01,TRUE
bg_ncop_7222,Производители на инструменти и сродни на тях,7222,unit_group,skilled,secondary,2,2025-01-01,TRUE
bg_ncop_7223,Настройчици на машини и сродни на тях,7223,unit_group,skilled,secondary,2,2025-01-01,TRUE
bg_ncop_7224,Полировачи шлифовчици на метали и точилари на инструменти,7224,unit_group,skilled,secondary,2,2025-01-01,TRUE
bg_ncop_7231,Механици и монтьори на моторни превозни средства,7231,unit_group,skilled,secondary,2,2025-01-01,TRUE
bg_ncop_7232,Механици и монтьори на самолетни двигатели,7232,unit_group,skilled,secondary,2,2025-01-01,TRUE
bg_ncop_7233,Механици и монтьори на промишлени и селскостопански машини и оборудване,7233,unit_group,skilled,secondary,2,2025-01-01,TRUE
bg_ncop_7234,Монтьори на велосипеди и сродни на тях,7234,unit_group,skilled,secondary,2,2025-01-01,TRUE
bg_ncop_7311,Работници по производство и ремонт на прецизни инструменти,7311,unit_group,skilled,secondary,2,2025-01-01,TRUE
bg_ncop_7312,Производители и акордьори на музикални инструменти,7312,unit_group,skilled,secondary,2,2025-01-01,TRUE
bg_ncop_7313,Бижутери и работници по обработка на скъпоценни камъни,7313,unit_group,skilled,secondary,2,2025-01-01,TRUE
bg_ncop_7314,Грънчари и сродни на тях,7314,unit_group,skilled,secondary,2,2025-01-01,TRUE
bg_ncop_7315,Производители резачи шлифовчици и работници по допълнителна обработка на стъкло,7315,unit_group,skilled,secondary,2,2025-01-01,TRUE
bg_ncop_7316,Рисувачи на табели художник-декоратори гравьори и офортисти,7316,unit_group,skilled,secondary,2,2025-01-01,TRUE
bg_ncop_7317,Майстори-занаятчии на изделия от дърво и сродни материали,7317,unit_group,skilled,secondary,2,2025-01-01,TRUE
bg_ncop_7318,Майстори-занаятчии на изделия от текстил кожа и сродни материали,7318,unit_group,skilled,secondary,2,2025-01-01,TRUE
bg_ncop_7319,Занаятчии н.д.,7319,unit_group,skilled,secondary,2,2025-01-01,TRUE
bg_ncop_7321,Техници в предпечатната подготовка,7321,unit_group,skilled,secondary,2,2025-01-01,TRUE
bg_ncop_7322,Печатари,7322,unit_group,skilled,secondary,2,2025-01-01,TRUE
bg_ncop_7323,Оформители и книговезци,7323,unit_group,skilled,secondary,2,2025-01-01,TRUE
bg_ncop_7411,Строителни електротехници и сродни на тях,7411,unit_group,skilled,secondary,2,2025-01-01,TRUE
bg_ncop_7412,Електромеханици и електромонтьори,7412,unit_group,skilled,secondary,2,2025-01-01,TRUE
bg_ncop_7413,Работници по инсталиране и ремонт на електрически мрежи,7413,unit_group,skilled,secondary,2,2025-01-01,TRUE
bg_ncop_7421,Механици и сервизни техници на електронни съоръжения,7421,unit_group,skilled,secondary,2,2025-01-01,TRUE
bg_ncop_7422,Работници по инсталиране ремонт и поддържане на информационни и комуникационни съоръжения,7422,unit_group,skilled,secondary,2,2025-01-01,TRUE
bg_ncop_7511,Работници по преработка на месо риба и други подобни хранителни продукти,7511,unit_group,skilled,secondary,2,2025-01-01,TRUE
bg_ncop_7512,Работници по производство на хлебни сладкарски и тестени изделия,7512,unit_group,skilled,secondary,2,2025-01-01,TRUE
bg_ncop_7513,Работници по производство на млечни продукти,7513,unit_group,skilled,secondary,2,2025-01-01,TRUE
bg_ncop_7514,Работници по производство на плодови зеленчукови и други консерви,7514,unit_group,skilled,secondary,2,2025-01-01,TRUE
bg_ncop_7515,Дегустатори на храни и напитки,7515,unit_group,skilled,secondary,2,2025-01-01,TRUE
bg_ncop_7516,Работници по преработка на тютюн и производство на тютюневи изделия,7516,unit_group,skilled,secondary,2,2025-01-01,TRUE
bg_ncop_7521,Работници по обработка на дърво,7521,unit_group,skilled,secondary,2,2025-01-01,TRUE
bg_ncop_7522,Дърводелци мебелисти и сродни на тях,7522,unit_group,skilled,secondary,2,2025-01-01,TRUE
bg_ncop_7523,Настройчици и оператори-настройчици на дървообработващи машини,7523,unit_group,skilled,secondary,2,2025-01-01,TRUE
bg_ncop_7531,Шивачи-моделиери кожухари и шапкари,7531,unit_group,skilled,secondary,2,2025-01-01,TRUE
bg_ncop_7532,Моделиери и кроячи на облекло и сродни на тях,7532,unit_group,skilled,secondary,2,2025-01-01,TRUE
bg_ncop_7533,Шивачи бродировачи и сродни на тях,7533,unit_group,skilled,secondary,2,2025-01-01,TRUE
bg_ncop_7534,Тапицери и сродни на тях,7534,unit_group,skilled,secondary,2,2025-01-01,TRUE
bg_ncop_7535,Работници по обработка на кожи,7535,unit_group,skilled,secondary,2,2025-01-01,TRUE
bg_ncop_7536,Обущари и сродни на тях,7536,unit_group,skilled,secondary,2,2025-01-01,TRUE
bg_ncop_7541,Водолази и гмуркачи,7541,unit_group,skilled,secondary,2,2025-01-01,TRUE
bg_ncop_7542,Бомбаджии,7542,unit_group,skilled,secondary,2,2025-01-01,TRUE
bg_ncop_7543,Работници които окачествяват и изпробват продукти (без храни и напитки),7543,unit_group,skilled,secondary,2,2025-01-01,TRUE
bg_ncop_7544,Дезинфектори и сродни на тях,7544,unit_group,skilled,secondary,2,2025-01-01,TRUE
bg_ncop_7549,Други квалифицирани работници и сродни на тях занаятчии н.д.,7549,unit_group,skilled,secondary,2,2025-01-01,TRUE
bg_ncop_8111,Миньори и работници в кариери,8111,unit_group,operator,secondary,2,2025-01-01,TRUE
bg_ncop_8112,Машинни оператори по обработка на руди и минерали,8112,unit_group,operator,secondary,2,2025-01-01,TRUE
bg_ncop_8113,Машинни оператори на сондажно оборудване и сродни на тях,8113,unit_group,operator,secondary,2,2025-01-01,TRUE
bg_ncop_8114,Машинни оператори в производството на цимент и други минерални продукти,8114,unit_group,operator,secondary,2,2025-01-01,TRUE
bg_ncop_8121,Машинни оператори в металургичното производство,8121,unit_group,operator,secondary,2,2025-01-01,TRUE
bg_ncop_8122,Машинни оператори по обработка на метали и нанасяне на покрития върху метали,8122,unit_group,operator,secondary,2,2025-01-01,TRUE
bg_ncop_8131,Машинни оператори в химическото производство,8131,unit_group,operator,secondary,2,2025-01-01,TRUE
bg_ncop_8132,Машинни оператори в производството на фотографски продукти,8132,unit_group,operator,secondary,2,2025-01-01,TRUE
bg_ncop_8141,Машинни оператори в производството на каучук и каучукови изделия,8141,unit_group,operator,secondary,2,2025-01-01,TRUE
bg_ncop_8142,Машинни оператори в производството на пластмаси и пластмасови изделия,8142,unit_group,operator,secondary,2,2025-01-01,TRUE
bg_ncop_8143,Машинни оператори в производството на хартиени изделия,8143,unit_group,operator,secondary,2,2025-01-01,TRUE
bg_ncop_8151,Машинни оператори в предачното производство,8151,unit_group,operator,secondary,2,2025-01-01,TRUE
bg_ncop_8152,Машинни оператори в тъкачното производство,8152,unit_group,operator,secondary,2,2025-01-01,TRUE
bg_ncop_8153,Машинни оператори в шивашкото производство,8153,unit_group,operator,secondary,2,2025-01-01,TRUE
bg_ncop_8154,Машинни оператори по избелване боядисване импрегниране печатане и почистване на тъкани,8154,unit_group,operator,secondary,2,2025-01-01,TRUE
bg_ncop_8155,Машинни оператори в кожарското производство,8155,unit_group,operator,secondary,2,2025-01-01,TRUE
bg_ncop_8156,Машинни оператори в обувното производство,8156,unit_group,operator,secondary,2,2025-01-01,TRUE
bg_ncop_8157,Машинни оператори пералня,8157,unit_group,operator,secondary,2,2025-01-01,TRUE
bg_ncop_8159,Машинни оператори в текстилното шивашкото и кожарското производство н.д.,8159,unit_group,operator,secondary,2,2025-01-01,TRUE
bg_ncop_8160,Машинни оператори в хранително-вкусовата промишленост,8160,unit_group,operator,secondary,2,2025-01-01,TRUE
bg_ncop_8171,Машинни оператори в производството на хартиена каша (пулп) и хартия,8171,unit_group,operator,secondary,2,2025-01-01,TRUE
bg_ncop_8172,Машинни оператори в дървообработващата промишленост,8172,unit_group,operator,secondary,2,2025-01-01,TRUE
bg_ncop_8181,Машинни оператори в стъкларското и керамичното производство,8181,unit_group,operator,secondary,2,2025-01-01,TRUE
bg_ncop_8182,Оператори на парни машини и котли,8182,unit_group,operator,secondary,2,2025-01-01,TRUE
bg_ncop_8183,Оператори на машини за пакетиране бутилиране и етикетиране,8183,unit_group,operator,secondary,2,2025-01-01,TRUE
bg_ncop_8189,Други оператори на стационарни машини и съоръжения н.д.,8189,unit_group,operator,secondary,2,2025-01-01,TRUE
bg_ncop_8211,Машинни монтажници,8211,unit_group,operator,secondary,2,2025-01-01,TRUE
bg_ncop_8212,Монтажници на електрическо и електронно оборудване,8212,unit_group,operator,secondary,2,2025-01-01,TRUE
bg_ncop_8219,Монтажници н.д.,8219,unit_group,operator,secondary,2,2025-01-01,TRUE
bg_ncop_8311,Локомотивни машинисти,8311,unit_group,operator,secondary,2,2025-01-01,TRUE
bg_ncop_8312,Железопътни спирачи сигналисти и стрелочници,8312,unit_group,operator,secondary,2,2025-01-01,TRUE
bg_ncop_8321,Водачи на мотоциклети,8321,unit_group,operator,secondary,2,2025-01-01,TRUE
bg_ncop_8322,Водачи на леки автомобили вкл таксита,8322,unit_group,operator,secondary,2,2025-01-01,TRUE
bg_ncop_8331,Водачи на автобуси и ватмани,8331,unit_group,operator,secondary,2,2025-01-01,TRUE
bg_ncop_8332,Водачи на тежкотоварни автомобили,8332,unit_group,operator,secondary,2,2025-01-01,TRUE
bg_ncop_8341,Оператори на подвижни съоръжения в селското и горското стопанство,8341,unit_group,operator,secondary,2,2025-01-01,TRUE
bg_ncop_8342,Оператори на земекопни съоръжения и сродни на тях,8342,unit_group,operator,secondary,2,2025-01-01,TRUE
bg_ncop_8343,Кранисти и сродни на тях оператори на повдигателни съоръжения,8343,unit_group,operator,secondary,2,2025-01-01,TRUE
bg_ncop_8344,Оператори на подемно-транспортни съоръжения,8344,unit_group,operator,secondary,2,2025-01-01,TRUE
bg_ncop_8350,Палубни моряци и сродни на тях,8350,unit_group,operator,secondary,2,2025-01-01,TRUE
bg_ncop_9111,Домашни чистачи и помощници,9111,unit_group,elementary,primary,1,2025-01-01,TRUE
bg_ncop_9112,Чистачи и помощници в офиси хотели и други учреждения,9112,unit_group,elementary,primary,1,2025-01-01,TRUE
bg_ncop_9121,Перачи и гладачи (ръчно),9121,unit_group,elementary,primary,1,2025-01-01,TRUE
bg_ncop_9122,Миячи на превозни средства,9122,unit_group,elementary,primary,1,2025-01-01,TRUE
bg_ncop_9123,Стъкломиячи,9123,unit_group,elementary,primary,1,2025-01-01,TRUE
bg_ncop_9129,Други чистачи,9129,unit_group,elementary,primary,1,2025-01-01,TRUE
bg_ncop_9211,Работници в растениевъдни стопанства,9211,unit_group,elementary,primary,1,2025-01-01,TRUE
bg_ncop_9212,Работници в животновъдни стопанства,9212,unit_group,elementary,primary,1,2025-01-01,TRUE
bg_ncop_9213,Работници в смесени растенивъдни и животновъдни стопанства,9213,unit_group,elementary,primary,1,2025-01-01,TRUE
bg_ncop_9214,Работници в градинарството,9214,unit_group,elementary,primary,1,2025-01-01,TRUE
bg_ncop_9215,Работници в горското стопанство,9215,unit_group,elementary,primary,1,2025-01-01,TRUE
bg_ncop_9216,Работници в риболова и развъждането на аквакултури,9216,unit_group,elementary,primary,1,2025-01-01,TRUE
bg_ncop_9311,Работници в мини и кариери,9311,unit_group,elementary,primary,1,2025-01-01,TRUE
bg_ncop_9312,Работници по строителство и поддържане на пътища язовири и други строителни съоръжения,9312,unit_group,elementary,primary,1,2025-01-01,TRUE
bg_ncop_9313,Работници по строителство на сгради,9313,unit_group,elementary,primary,1,2025-01-01,TRUE
bg_ncop_9321,Пакетировачи (ръчно),9321,unit_group,elementary,primary,1,2025-01-01,TRUE
bg_ncop_9329,Работници в преработващата промишленост н.д.,9329,unit_group,elementary,primary,1,2025-01-01,TRUE
bg_ncop_9331,Водачи на превозни средства с ръчно и педално управление,9331,unit_group,elementary,primary,1,2025-01-01,TRUE
bg_ncop_9332,Водачи на превозни средства и съоръжения с животинска тяга,9332,unit_group,elementary,primary,1,2025-01-01,TRUE
bg_ncop_9333,Товаро-разтоварачи,9333,unit_group,elementary,primary,1,2025-01-01,TRUE
bg_ncop_9334,Работници по зареждане на рафтове,9334,unit_group,elementary,primary,1,2025-01-01,TRUE
bg_ncop_9411,Помощници при приготвянето на храни в заведения за бързо хранене,9411,unit_group,elementary,primary,1,2025-01-01,TRUE
bg_ncop_9412,Кухненски помощници,9412,unit_group,elementary,primary,1,2025-01-01,TRUE
bg_ncop_9510,Работници извършващи услуги на улицата,9510,unit_group,elementary,primary,1,2025-01-01,TRUE
bg_ncop_9520,Улични продавачи на нехранителни стоки,9520,unit_group,elementary,primary,1,2025-01-01,TRUE
bg_ncop_9611,Работници по събиране на отпадъци,9611,unit_group,elementary,primary,1,2025-01-01,TRUE
bg_ncop_9612,Работници по сортиране на отпадъци,9612,unit_group,elementary,primary,1,2025-01-01,TRUE
bg_ncop_9613,Метачи и сродни на тях,9613,unit_group,elementary,primary,1,2025-01-01,TRUE
bg_ncop_9621,Куриери разносвачи на колетни пратки и носачи,9621,unit_group,elementary,primary,1,2025-01-01,TRUE
bg_ncop_9622,Общи работници,9622,unit_group,elementary,primary,1,2025-01-01,TRUE
bg_ncop_9623,Отчетници на измервателни уреди и събирачи на монети и жетони от автомати,9623,unit_group,elementary,primary,1,2025-01-01,TRUE
bg_ncop_9624,Носачи на вода и дърва за горене,9624,unit_group,elementary,primary,1,2025-01-01,TRUE
bg_ncop_9629,Други неквалифицирани работници н.д.,9629,unit_group,elementary,primary,1,2025-01-01,TRUE