<?xml version="1.0" encoding="utf-8" ?>
<odoo>
    <record id="l10n_bg_tax_vies_report" model="account.report">
        <field name="name">Tax report - VIES</field>
        <field name="root_report_id" ref="account.generic_tax_report" />
        <field name="country_id" ref="base.bg" />
        <field name="filter_fiscal_position" eval="True" />
        <field name="availability_condition">country</field>
        <field name="column_ids">
            <record id="l10n_bg_tax_report_balance" model="account.report.column">
                <field name="name">Balance</field>
                <field name="expression_label">balance</field>
            </record>
        </field>
        <field name="line_ids">
        </field>
    </record>
</odoo>
