<?xml version="1.0" encoding="utf-8" ?>
<odoo noupdate="0">
<!--     Extracted from the Official Journal of the European Union-->
    <record id="intrastat_product.intrastat_unit_none" model="intrastat.unit">
      <field name="name">None</field>
      <field name="description">Empty slot</field>
    </record>
    <record id="intrastat_product.intrastat_credit_note" model="intrastat.unit">
      <field name="name">99600000</field>
      <field name="description">Credit Note</field>
    </record>
</odoo>
