<?xml version="1.0" encoding="utf-8" ?>
<odoo>
    <data noupdate="0">
        <record id="village" model="res.city.types">
            <field name="code">VL</field>
            <field name="name">Village</field>
        </record>
        <record id="town" model="res.city.types">
            <field name="code">CT</field>
            <field name="name">City</field>
        </record>
        <record id="monastery" model="res.city.types">
            <field name="code">MNS</field>
            <field name="name">Monastery</field>
        </record>
    </data>
</odoo>
