id,name,model_id:id,group_id:id,perm_read,perm_write,perm_create,perm_unlink
access_account_account_move_bg_protocol_readonly,account_account_move_bg_protocol group_account_readonly,model_account_move_bg_protocol,account.group_account_readonly,1,0,0,0
access_account_account_move_bg_protocol_uinvoice,account_account_move_bg_protocol group_account_invoice,model_account_move_bg_protocol,account.group_account_invoice,1,1,1,1
access_account_account_move_bg_customs_readonly,account_account_move_bg_customs group_account_readonly,model_account_move_bg_customs,account.group_account_readonly,1,0,0,0
access_account_account_move_bg_customs_invoice,account_account_move_bg_customs group_account_invoice,model_account_move_bg_customs,account.group_account_invoice,1,1,1,1
access_account_fiscal_position_type_manager,account.fiscal.position.type account.manager,model_account_fiscal_position_type,account.group_account_manager,1,1,1,1
access_model_account_fiscal_position_type,account.fiscal.position.type all,model_account_fiscal_position_type,base.group_user,1,0,0,0