<?xml version="1.0" encoding="utf-8" ?>
<odoo>
    <data noupdate="0">
        <!-- Child taxes Incomes -->
        <record id="l10n_bg_purchase_vat_20_ica_income" model="account.tax.template">
            <field name="sequence">401</field>
            <field name="name">IICA(20%)</field>
            <field name="description">20% Self-signed Incomes Tax Credit</field>
            <field name="price_include" eval="0" />
            <field name="amount">20</field>
            <field name="amount_type">percent</field>
            <field name="type_tax_use">none</field>
            <field name="chart_template_id" ref="l10n_bg_chart_template" />
            <field name="tax_group_id" ref="l10n_bg.tax_group_vat_20" />
            <field
                name="invoice_repartition_line_ids"
                eval="[(5, 0, 0),
                    (0,0, {
                        'factor_percent': 100,
                        'repartition_type': 'base',
                        'plus_report_expression_ids': [ref('l10n_bg.l10n_bg_tax_report_31_tag')]
                    }),
                    (0,0, {
                        'factor_percent': 100,
                        'repartition_type': 'tax',
                        'account_id': ref('l10n_bg_4531'),
                        'plus_report_expression_ids': [ref('l10n_bg.l10n_bg_tax_report_41_tag')]
                        }),
                    (0,0, {
                        'factor_percent': -100,
                        'repartition_type': 'tax',
                        'account_id': ref('l10n_bg_437'),
                        }),
                ]"
            />
                <field
                name="refund_repartition_line_ids"
                eval="[(5, 0, 0),
                        (0,0, {
                            'factor_percent': 100,
                            'repartition_type': 'base',
                            'minus_report_expression_ids': [ref('l10n_bg.l10n_bg_tax_report_31_tag')]
                        }),
                        (0,0, {
                            'factor_percent': 100,
                            'repartition_type': 'tax',
                            'account_id': ref('l10n_bg_437'),
                            }),
                        (0,0, {
                            'factor_percent': -100,
                            'repartition_type': 'tax',
                            'account_id': ref('l10n_bg_4531'),
                            'minus_report_expression_ids': [ref('l10n_bg.l10n_bg_tax_report_41_tag')]
                            }),
                    ]"
            />
        </record>
        <record id="l10n_bg_purchase_vat_20_p_ica_income" model="account.tax.template">
            <field name="sequence">402</field>
            <field name="name">P-IICA(20%)</field>
            <field name="description">20% Partly Self-signed Incomes Tax Credit</field>
            <field name="price_include" eval="0" />
            <field name="amount">20</field>
            <field name="amount_type">percent</field>
            <field name="type_tax_use">none</field>
            <field name="chart_template_id" ref="l10n_bg_chart_template" />
            <field name="tax_group_id" ref="l10n_bg.tax_group_vat_20" />
            <field
                name="invoice_repartition_line_ids"
                eval="[(5, 0, 0),
                    (0,0, {
                        'factor_percent': 100,
                        'repartition_type': 'base',
                        'plus_report_expression_ids': [ref('l10n_bg.l10n_bg_tax_report_32_tag')]
                    }),
                    (0,0, {
                        'factor_percent': 100,
                        'repartition_type': 'tax',
                        'account_id': ref('l10n_bg_4531'),
                        'plus_report_expression_ids': [ref('l10n_bg.l10n_bg_tax_report_42_tag')]
                        }),
                    (0,0, {
                        'factor_percent': -100,
                        'repartition_type': 'tax',
                        'account_id': ref('l10n_bg_437'),
                        }),
                ]"
            />
                <field
                name="refund_repartition_line_ids"
                eval="[(5, 0, 0),
                        (0,0, {
                            'factor_percent': 100,
                            'repartition_type': 'base',
                            'minus_report_expression_ids': [ref('l10n_bg.l10n_bg_tax_report_32_tag')]
                        }),
                        (0,0, {
                            'factor_percent': 100,
                            'repartition_type': 'tax',
                            'account_id': ref('l10n_bg_437'),
                            }),
                        (0,0, {
                            'factor_percent': -100,
                            'repartition_type': 'tax',
                            'account_id': ref('l10n_bg_4531'),
                            'minus_report_expression_ids': [ref('l10n_bg.l10n_bg_tax_report_42_tag')]
                            }),
                    ]"
            />
        </record>
        <!-- art. 82 -->
        <record id="l10n_bg_purchase_vat_20_ica_82_income" model="account.tax.template">
            <field name="sequence">403</field>
            <field name="name">IICA-82(2-6) (20%)</field>
            <field
                name="description"
            >20% Art. 82 (2-6) Self-signed Incomes Tax Credit</field>
            <field name="price_include" eval="0" />
            <field name="amount">20</field>
            <field name="amount_type">percent</field>
            <field name="type_tax_use">none</field>
            <field name="chart_template_id" ref="l10n_bg_chart_template" />
            <field name="tax_group_id" ref="l10n_bg.tax_group_vat_20" />
            <field
                name="invoice_repartition_line_ids"
                eval="[(5, 0, 0),
                    (0,0, {
                        'factor_percent': 100,
                        'repartition_type': 'base',
                        'plus_report_expression_ids': [ref('l10n_bg.l10n_bg_tax_report_31_tag')]
                    }),
                    (0,0, {
                        'factor_percent': 100,
                        'repartition_type': 'tax',
                        'account_id': ref('l10n_bg_4531'),
                        'plus_report_expression_ids': [ref('l10n_bg.l10n_bg_tax_report_41_tag')]
                        }),
                    (0,0, {
                        'factor_percent': -100,
                        'repartition_type': 'tax',
                        'account_id': ref('l10n_bg_437'),
                        }),
                ]"
            />
                <field
                name="refund_repartition_line_ids"
                eval="[(5, 0, 0),
                        (0,0, {
                            'factor_percent': 100,
                            'repartition_type': 'base',
                            'minus_report_expression_ids': [ref('l10n_bg.l10n_bg_tax_report_31_tag')]
                        }),
                        (0,0, {
                            'factor_percent': 100,
                            'repartition_type': 'tax',
                            'account_id': ref('l10n_bg_437'),
                            }),
                        (0,0, {
                            'factor_percent': -100,
                            'repartition_type': 'tax',
                            'account_id': ref('l10n_bg_4531'),
                            'minus_report_expression_ids': [ref('l10n_bg.l10n_bg_tax_report_41_tag')]
                            }),
                    ]"
            />
        </record>
        <record
            id="l10n_bg_purchase_vat_20_p_ica_82_income"
            model="account.tax.template"
        >
            <field name="sequence">404</field>
            <field name="name">P-IICA 82(2-6) (20%)</field>
            <field
                name="description"
            >20% Art. 82(2-6) Partly Self-signed Incomes Tax Credit</field>
            <field name="price_include" eval="0" />
            <field name="amount">20</field>
            <field name="amount_type">percent</field>
            <field name="type_tax_use">none</field>
            <field name="chart_template_id" ref="l10n_bg_chart_template" />
            <field name="tax_group_id" ref="l10n_bg.tax_group_vat_20" />
            <field
                name="invoice_repartition_line_ids"
                eval="[(5, 0, 0),
                    (0,0, {
                        'factor_percent': 100,
                        'repartition_type': 'base',
                        'plus_report_expression_ids': [ref('l10n_bg.l10n_bg_tax_report_32_tag')]
                    }),
                    (0,0, {
                        'factor_percent': 100,
                        'repartition_type': 'tax',
                        'account_id': ref('l10n_bg_4531'),
                        'plus_report_expression_ids': [ref('l10n_bg.l10n_bg_tax_report_42_tag')]
                        }),
                    (0,0, {
                        'factor_percent': -100,
                        'repartition_type': 'tax',
                        'account_id': ref('l10n_bg_437'),
                        }),
                ]"
            />
                <field
                name="refund_repartition_line_ids"
                eval="[(5, 0, 0),
                        (0,0, {
                            'factor_percent': 100,
                            'repartition_type': 'base',
                            'minus_report_expression_ids': [ref('l10n_bg.l10n_bg_tax_report_32_tag')]
                        }),
                        (0,0, {
                            'factor_percent': 100,
                            'repartition_type': 'tax',
                            'account_id': ref('l10n_bg_437'),
                            }),
                        (0,0, {
                            'factor_percent': -100,
                            'repartition_type': 'tax',
                            'account_id': ref('l10n_bg_4531'),
                            'minus_report_expression_ids': [ref('l10n_bg.l10n_bg_tax_report_42_tag')]
                            }),
                    ]"
            />
        </record>

        <!-- Child taxes Receivables receive -->
        <record id="l10n_bg_purchase_vat_20_ica_receive" model="account.tax.template">
            <field name="sequence">301</field>
            <field name="name">RICA(20%)</field>
            <field name="description">20% Self-signed Receivables Tax Credit</field>
            <field name="price_include" eval="0" />
            <field name="amount">20</field>
            <field name="amount_type">percent</field>
            <field name="type_tax_use">none</field>
            <field name="chart_template_id" ref="l10n_bg_chart_template" />
            <field name="tax_group_id" ref="l10n_bg.tax_group_vat_20" />
            <field
                name="invoice_repartition_line_ids"
                eval="[(5, 0, 0),
                    (0,0, {
                        'factor_percent': 100,
                        'repartition_type': 'base',
                        'plus_report_expression_ids': [ref('l10n_bg.l10n_bg_tax_report_12_1_tag')],
                    }),
                    (0,0, {
                        'factor_percent': 100,
                        'repartition_type': 'tax',
                        'account_id': ref('l10n_bg_437'),
                        }),
                    (0,0, {
                        'factor_percent': -100,
                        'repartition_type': 'tax',
                        'account_id': ref('l10n_bg_4532'),
                        'plus_report_expression_ids': [ref('l10n_bg.l10n_bg_tax_report_22_tag')]
                         }),
                ]"
            />
                <field
                name="refund_repartition_line_ids"
                eval="[(5, 0, 0),
                        (0,0, {
                            'factor_percent': 100,
                            'repartition_type': 'base',
                            'minus_report_expression_ids': [ref('l10n_bg.l10n_bg_tax_report_12_1_tag')],
                        }),
                        (0,0, {
                            'factor_percent': 100,
                            'repartition_type': 'tax',
                            'account_id': ref('l10n_bg_4532'),
                            'minus_report_expression_ids': [ref('l10n_bg.l10n_bg_tax_report_22_tag')]
                            }),
                        (0,0, {
                            'factor_percent': -100,
                            'repartition_type': 'tax',
                            'account_id': ref('l10n_bg_437'),
                            }),
                    ]"
            />
        </record>
        <record id="l10n_bg_purchase_vat_20_p_ica_receive" model="account.tax.template">
            <field name="sequence">302</field>
            <field name="name">P-RICA(20%)</field>
            <field name="description">20% Self-signed Receivables Tax Credit</field>
            <field name="price_include" eval="0" />
            <field name="amount">20</field>
            <field name="amount_type">percent</field>
            <field name="type_tax_use">none</field>
            <field name="chart_template_id" ref="l10n_bg_chart_template" />
            <field name="tax_group_id" ref="l10n_bg.tax_group_vat_20" />
            <field
                name="invoice_repartition_line_ids"
                eval="[(5, 0, 0),
                    (0,0, {
                        'factor_percent': 100,
                        'repartition_type': 'base',
                        'plus_report_expression_ids': [ref('l10n_bg.l10n_bg_tax_report_12_1_tag')],
                    }),
                    (0,0, {
                        'factor_percent': 100,
                        'repartition_type': 'tax',
                        'account_id': ref('l10n_bg_437'),
                        }),
                    (0,0, {
                        'factor_percent': -100,
                        'repartition_type': 'tax',
                        'account_id': ref('l10n_bg_4532'),
                        'plus_report_expression_ids': [ref('l10n_bg.l10n_bg_tax_report_22_tag')]
                         }),
                ]"
            />
                <field
                name="refund_repartition_line_ids"
                eval="[(5, 0, 0),
                        (0,0, {
                            'factor_percent': 100,
                            'repartition_type': 'base',
                            'minus_report_expression_ids': [ref('l10n_bg.l10n_bg_tax_report_12_1_tag')],
                        }),
                        (0,0, {
                            'factor_percent': 100,
                            'repartition_type': 'tax',
                            'account_id': ref('l10n_bg_4532'),
                            'minus_report_expression_ids': [ref('l10n_bg.l10n_bg_tax_report_22_tag')]
                            }),
                        (0,0, {
                            'factor_percent': -100,
                            'repartition_type': 'tax',
                            'account_id': ref('l10n_bg_437'),
                            }),
                    ]"
            />
        </record>
        <record
            id="l10n_bg_purchase_vat_20_ica_82_receive"
            model="account.tax.template"
        >
            <field name="sequence">303</field>
            <field name="name">RICA-82(2-6) (20%)</field>
            <field
                name="description"
            >20% Alt. 82(2-6) Self-signed Receivables Tax Credit</field>
            <field name="price_include" eval="0" />
            <field name="amount">20</field>
            <field name="amount_type">percent</field>
            <field name="type_tax_use">none</field>
            <field name="chart_template_id" ref="l10n_bg_chart_template" />
            <field name="tax_group_id" ref="l10n_bg.tax_group_vat_20" />
            <field
                name="invoice_repartition_line_ids"
                eval="[(5, 0, 0),
                    (0,0, {
                        'factor_percent': 100,
                        'repartition_type': 'base',
                        'plus_report_expression_ids': [ref('l10n_bg.l10n_bg_tax_report_12_1_tag')],
                    }),
                    (0,0, {
                        'factor_percent': 100,
                        'repartition_type': 'tax',
                        'account_id': ref('l10n_bg_437'),
                        }),
                    (0,0, {
                        'factor_percent': -100,
                        'repartition_type': 'tax',
                        'account_id': ref('l10n_bg_4532'),
                        'plus_report_expression_ids': [ref('l10n_bg.l10n_bg_tax_report_22_tag')]
                         }),
                ]"
            />
                <field
                name="refund_repartition_line_ids"
                eval="[(5, 0, 0),
                        (0,0, {
                            'factor_percent': 100,
                            'repartition_type': 'base',
                            'minus_report_expression_ids': [ref('l10n_bg.l10n_bg_tax_report_12_1_tag')],
                        }),
                        (0,0, {
                            'factor_percent': 100,
                            'repartition_type': 'tax',
                            'account_id': ref('l10n_bg_4532'),
                            'minus_report_expression_ids': [ref('l10n_bg.l10n_bg_tax_report_22_tag')]
                            }),
                        (0,0, {
                            'factor_percent': -100,
                            'repartition_type': 'tax',
                            'account_id': ref('l10n_bg_437'),
                            }),
                    ]"
            />
        </record>
        <record
            id="l10n_bg_purchase_vat_20_p_ica_82_receive"
            model="account.tax.template"
        >
            <field name="sequence">304</field>
            <field name="name">P-RICA-82(2-6)(20%)</field>
            <field
                name="description"
            >20% Alt. 82(5-6) Self-signed Receivables Tax Credit</field>
            <field name="price_include" eval="0" />
            <field name="amount">20</field>
            <field name="amount_type">percent</field>
            <field name="type_tax_use">none</field>
            <field name="chart_template_id" ref="l10n_bg_chart_template" />
            <field name="tax_group_id" ref="l10n_bg.tax_group_vat_20" />
            <field
                name="invoice_repartition_line_ids"
                eval="[(5, 0, 0),
                    (0,0, {
                        'factor_percent': 100,
                        'repartition_type': 'base',
                        'plus_report_expression_ids': [ref('l10n_bg.l10n_bg_tax_report_12_1_tag')],
                    }),
                    (0,0, {
                        'factor_percent': 100,
                        'repartition_type': 'tax',
                        'account_id': ref('l10n_bg_437'),
                        }),
                    (0,0, {
                        'factor_percent': -100,
                        'repartition_type': 'tax',
                        'account_id': ref('l10n_bg_4532'),
                        'plus_report_expression_ids': [ref('l10n_bg.l10n_bg_tax_report_22_tag')]
                         }),
                ]"
            />
                <field
                name="refund_repartition_line_ids"
                eval="[(5, 0, 0),
                        (0,0, {
                            'factor_percent': 100,
                            'repartition_type': 'base',
                            'minus_report_expression_ids': [ref('l10n_bg.l10n_bg_tax_report_12_1_tag')],
                        }),
                        (0,0, {
                            'factor_percent': 100,
                            'repartition_type': 'tax',
                            'account_id': ref('l10n_bg_4532'),
                            'minus_report_expression_ids': [ref('l10n_bg.l10n_bg_tax_report_22_tag')]
                            }),
                        (0,0, {
                            'factor_percent': -100,
                            'repartition_type': 'tax',
                            'account_id': ref('l10n_bg_437'),
                            }),
                    ]"
            />
        </record>

        <!-- Sales -->
        <record id="l10n_bg_sale_vat_20" model="account.tax.template">
            <field name="sequence">101</field>
            <field name="name">VAT(20%)</field>
            <field name="description">Payable VAT (20%)</field>
            <field name="price_include" eval="0" />
            <field name="amount">20</field>
            <field name="amount_type">percent</field>
            <field name="type_tax_use">sale</field>
            <field name="chart_template_id" ref="l10n_bg_chart_template" />
            <field name="tax_group_id" ref="l10n_bg.tax_group_vat_20" />
            <field
                name="invoice_repartition_line_ids"
                eval="[(5, 0, 0),
                    (0,0, {
                        'factor_percent': 100,
                        'repartition_type': 'base',
                        'plus_report_expression_ids': [ref('l10n_bg.l10n_bg_tax_report_11_tag')],
                    }),
                    (0,0, {
                        'factor_percent': 100,
                        'repartition_type': 'tax',
                        'account_id': ref('l10n_bg_4532'),
                        'plus_report_expression_ids': [ref('l10n_bg.l10n_bg_tax_report_12_1_tag')]}),
                ]"
            />
            <field
                name="refund_repartition_line_ids"
                eval="[(5, 0, 0),
                    (0,0, {
                        'factor_percent': 100,
                        'repartition_type': 'base',
                        'minus_report_expression_ids': [ref('l10n_bg.l10n_bg_tax_report_11_tag')],
                    }),

                    (0,0, {
                        'factor_percent': 100,
                        'repartition_type': 'tax',
                        'account_id': ref('l10n_bg_4532'),
                        'minus_report_expression_ids': [ref('l10n_bg.l10n_bg_tax_report_12_1_tag')]}),
                ]"
            />
        </record>
        <record id="l10n_bg_sale_vat_20_remote" model="account.tax.template">
            <field name="sequence">102</field>
            <field name="name">20% Remote</field>
            <field name="description">20% Remote</field>
            <field name="price_include" eval="0" />
            <field name="amount">20</field>
            <field name="amount_type">percent</field>
            <field name="type_tax_use">sale</field>
            <field name="chart_template_id" ref="l10n_bg_chart_template" />
            <field name="tax_group_id" ref="l10n_bg.tax_group_vat_20" />
            <field
                name="invoice_repartition_line_ids"
                eval="[(5, 0, 0),
                    (0,0, {
                        'factor_percent': 100,
                        'repartition_type': 'base',
                        'plus_report_expression_ids': [ref('l10n_bg.l10n_bg_tax_report_11_tag'), ref('l10n_bg.l10n_bg_tax_report_18_tag')],
                    }),
                    (0,0, {
                        'factor_percent': 100,
                        'repartition_type': 'tax',
                        'account_id': ref('l10n_bg_4532'),
                        'plus_report_expression_ids': [ref('l10n_bg.l10n_bg_tax_report_12_1_tag')]                 }),
                ]"
            />
            <field
                name="refund_repartition_line_ids"
                eval="[(5, 0, 0),
                    (0,0, {
                        'factor_percent': 100,
                        'repartition_type': 'base',
                        'minus_report_expression_ids': [ref('l10n_bg.l10n_bg_tax_report_11_tag'), ref('l10n_bg.l10n_bg_tax_report_18_tag')],
                    }),
                    (0,0, {
                        'factor_percent': 100,
                        'repartition_type': 'tax',
                        'account_id': ref('l10n_bg_4532'),
                        'minus_report_expression_ids': [ref('l10n_bg.l10n_bg_tax_report_12_1_tag')]                 }),
                ]"
            />
        </record>
<!--        <record id="l10n_bg_sale_vat_20_personal" model="account.tax.template">-->
<!--            <field name="sequence">103</field>-->
<!--            <field name="name">PU(20%)</field>-->
<!--            <field name="description">Personal use (20%)</field>-->
<!--            <field name="price_include" eval="0"/>-->
<!--            <field name="amount">20</field>-->
<!--            <field name="amount_type">percent</field>-->
<!--            <field name="type_tax_use">sale</field>-->
<!--            <field name="chart_template_id" ref="l10n_bg_chart_template"/>-->
<!--            <field name="tax_group_id" ref="l10n_bg.tax_group_vat_20"/>-->
<!--            <field name="invoice_repartition_line_ids" eval="[(5, 0, 0),-->
<!--                    (0,0, {-->
<!--                        'factor_percent': 100,-->
<!--                        'repartition_type': 'base',-->
<!--                        'plus_report_expression_ids': [ref('l10n_bg.l10n_bg_tax_report_11_tag')],-->
<!--                    }),-->

<!--                    (0,0, {-->
<!--                        'factor_percent': 100,-->
<!--                        'repartition_type': 'tax',-->
<!--                        'account_id': ref('l10n_bg_4532'),-->
<!--                        'plus_report_expression_ids': [ref('l10n_bg.l10n_bg_tax_report_23_tag')]                 }),-->
<!--                ]"/>-->
<!--            <field name="refund_repartition_line_ids" eval="[(5, 0, 0),-->
<!--                    (0,0, {-->
<!--                        'factor_percent': 100,-->
<!--                        'repartition_type': 'base',-->
<!--                        'minus_report_expression_ids': [ref('l10n_bg.l10n_bg_tax_report_11_tag')],-->
<!--                    }),-->

<!--                    (0,0, {-->
<!--                        'factor_percent': 100,-->
<!--                        'repartition_type': 'tax',-->
<!--                        'account_id': ref('l10n_bg_4532'),-->
<!--                        'minus_report_expression_ids': [ref('l10n_bg.l10n_bg_tax_report_23_tag')]                 }),-->
<!--                ]"/>-->
<!--        </record>-->
        <record id="l10n_bg_sale_vat_9" model="account.tax.template">
            <field name="sequence">111</field>
            <field name="name">VAT(9%)</field>
            <field name="description">Tourist services VAT (9%)</field>
            <field name="price_include" eval="0" />
            <field name="amount">9</field>
            <field name="amount_type">percent</field>
            <field name="type_tax_use">sale</field>
            <field name="chart_template_id" ref="l10n_bg_chart_template" />
            <field name="tax_group_id" ref="l10n_bg.tax_group_vat_9" />
            <field
                name="invoice_repartition_line_ids"
                eval="[(5, 0, 0),
                    (0,0, {
                        'factor_percent': 100,
                        'repartition_type': 'base',
                        'plus_report_expression_ids': [ref('l10n_bg.l10n_bg_tax_report_13_tag')],
                    }),
                    (0,0, {
                        'factor_percent': 100,
                        'repartition_type': 'tax',
                        'account_id': ref('l10n_bg_4532'),
                        'plus_report_expression_ids': [ref('l10n_bg.l10n_bg_tax_report_24_tag')]                 }),
                ]"
            />
            <field
                name="refund_repartition_line_ids"
                eval="[(5, 0, 0),
                    (0,0, {
                        'factor_percent': 100,
                        'repartition_type': 'base',
                        'minus_report_expression_ids': [ref('l10n_bg.l10n_bg_tax_report_13_tag')],
                    }),

                    (0,0, {
                        'factor_percent': 100,
                        'repartition_type': 'tax',
                        'account_id': ref('l10n_bg_4532'),
                        'minus_report_expression_ids': [ref('l10n_bg.l10n_bg_tax_report_24_tag')]                 }),
                ]"
            />
        </record>
        <record id="l10n_bg_sale_vat_books_9" model="account.tax.template">
            <field name="sequence">112</field>
            <field name="name">VAT(9%)</field>
            <field name="description">Book sales VAT (9%)</field>
            <field name="price_include" eval="0" />
            <field name="amount">9</field>
            <field name="amount_type">percent</field>
            <field name="type_tax_use">sale</field>
            <field name="chart_template_id" ref="l10n_bg_chart_template" />
            <field name="tax_group_id" ref="l10n_bg.tax_group_vat_9" />
            <field
                name="invoice_repartition_line_ids"
                eval="[(5, 0, 0),
                    (0,0, {
                        'factor_percent': 100,
                        'repartition_type': 'base',
                        'plus_report_expression_ids': [ref('l10n_bg.l10n_bg_tax_report_13_tag')],
                    }),

                    (0,0, {
                        'factor_percent': 100,
                        'repartition_type': 'tax',
                        'account_id': ref('l10n_bg_4532'),
                        'plus_report_expression_ids': [ref('l10n_bg.l10n_bg_tax_report_24_tag')]}),
                ]"
            />
            <field
                name="refund_repartition_line_ids"
                eval="[(5, 0, 0),
                    (0,0, {
                        'factor_percent': 100,
                        'repartition_type': 'base',
                        'minus_report_expression_ids': [ref('l10n_bg.l10n_bg_tax_report_13_tag')],
                    }),

                    (0,0, {
                        'factor_percent': 100,
                        'repartition_type': 'tax',
                        'account_id': ref('l10n_bg_4532'),
                        'minus_report_expression_ids': [ref('l10n_bg.l10n_bg_tax_report_24_tag')]}),
                ]"
            />
        </record>
        <record id="l10n_bg_sale_vat_foot_9" model="account.tax.template">
            <field name="sequence">113</field>
            <field name="name">VAT(9%)</field>
            <field name="description">Restaurant services VAT (9%)</field>
            <field name="price_include" eval="0" />
            <field name="amount">9</field>
            <field name="amount_type">percent</field>
            <field name="type_tax_use">sale</field>
            <field name="chart_template_id" ref="l10n_bg_chart_template" />
            <field name="tax_group_id" ref="l10n_bg.tax_group_vat_9" />
            <field
                name="invoice_repartition_line_ids"
                eval="[(5, 0, 0),
                    (0,0, {
                        'factor_percent': 100,
                        'repartition_type': 'base',
                        'plus_report_expression_ids': [ref('l10n_bg.l10n_bg_tax_report_13_tag')],
                    }),
                    (0,0, {
                        'factor_percent': 100,
                        'repartition_type': 'tax',
                        'account_id': ref('l10n_bg_4532'),
                        'plus_report_expression_ids': [ref('l10n_bg.l10n_bg_tax_report_24_tag')]}),
                ]"
            />
            <field
                name="refund_repartition_line_ids"
                eval="[(5, 0, 0),
                    (0,0, {
                        'factor_percent': 100,
                        'repartition_type': 'base',
                        'minus_report_expression_ids': [ref('l10n_bg.l10n_bg_tax_report_13_tag')],
                    }),
                    (0,0, {
                        'factor_percent': 100,
                        'repartition_type': 'tax',
                        'account_id': ref('l10n_bg_4532'),
                        'minus_report_expression_ids': [ref('l10n_bg.l10n_bg_tax_report_24_tag')]}),
                ]"
            />
        </record>
        <!-- not possible to sale for persona use. Тo remove -->
<!--        <record id="l10n_bg_sale_vat_9_personal" model="account.tax.template">-->
<!--            <field name="sequence">114</field>-->
<!--            <field name="name">PU(9%)</field>-->
<!--            <field name="description">Personal use(9%)</field>-->
<!--            <field name="price_include" eval="0"/>-->
<!--            <field name="amount">9</field>-->
<!--            <field name="amount_type">percent</field>-->
<!--            <field name="type_tax_use">sale</field>-->
<!--            <field name="chart_template_id" ref="l10n_bg_chart_template"/>-->
<!--            <field name="tax_group_id" ref="l10n_bg.tax_group_vat_9"/>-->
<!--            <field name="invoice_repartition_line_ids" eval="[(5, 0, 0),-->
<!--                    (0,0, {-->
<!--                        'factor_percent': 100,-->
<!--                        'repartition_type': 'base',-->
<!--                        'plus_report_expression_ids': [ref('l10n_bg.l10n_bg_tax_report_13_tag')],-->
<!--                    }),-->

<!--                    (0,0, {-->
<!--                        'factor_percent': 100,-->
<!--                        'repartition_type': 'tax',-->
<!--                        'account_id': ref('l10n_bg_4532'),-->
<!--                        'plus_report_expression_ids': [ref('l10n_bg.l10n_bg_tax_report_23_tag')]}),-->
<!--                ]"/>-->
<!--            <field name="refund_repartition_line_ids" eval="[(5, 0, 0),-->
<!--                    (0,0, {-->
<!--                        'factor_percent': 100,-->
<!--                        'repartition_type': 'base',-->
<!--                        'minus_report_expression_ids': [ref('l10n_bg.l10n_bg_tax_report_13_tag')],-->
<!--                    }),-->

<!--                    (0,0, {-->
<!--                        'factor_percent': 100,-->
<!--                        'repartition_type': 'tax',-->
<!--                        'account_id': ref('l10n_bg_4532'),-->
<!--                        'minus_report_expression_ids': [ref('l10n_bg.l10n_bg_tax_report_23_tag')]}),-->
<!--                ]"/>-->
<!--        </record>-->
        <record id="l10n_bg_sale_vat_0_export" model="account.tax.template">
            <field name="sequence">121</field>
            <field name="name">EXP(0%)</field>
            <field name="description">Export outside of EU(0%)</field>
            <field name="price_include" eval="0" />
            <field name="amount">0</field>
            <field name="amount_type">percent</field>
            <field name="type_tax_use">sale</field>
            <field name="chart_template_id" ref="l10n_bg_chart_template" />
            <field name="tax_group_id" ref="l10n_bg.tax_group_vat_20" />
            <field
                name="invoice_repartition_line_ids"
                eval="[(5, 0, 0),
                    (0,0, {
                        'factor_percent': 100,
                        'repartition_type': 'base',
                        'plus_report_expression_ids': [ref('l10n_bg.l10n_bg_tax_report_14_tag')],
                    }),
                    (0,0, {
                        'factor_percent': 100,
                        'repartition_type': 'tax',
                    }),
                ]"
            />
            <field
                name="refund_repartition_line_ids"
                eval="[(5, 0, 0),
                    (0,0, {
                        'factor_percent': 100,
                        'repartition_type': 'base',
                        'minus_report_expression_ids': [ref('l10n_bg.l10n_bg_tax_report_14_tag')],
                    }),
                    (0,0, {
                        'factor_percent': 100,
                        'repartition_type': 'tax',
                    }),
                ]"
            />
        </record>
        <record id="l10n_bg_sale_vat_0_icd" model="account.tax.template">
            <field name="sequence">122</field>
            <field name="name">ICD(0%)</field>
            <field name="description">0% Intra-Community Deliveries</field>
            <field name="price_include" eval="0" />
            <field name="amount">0</field>
            <field name="amount_type">percent</field>
            <field name="type_tax_use">sale</field>
            <field name="chart_template_id" ref="l10n_bg_chart_template" />
            <field name="tax_group_id" ref="l10n_bg.tax_group_vat_20" />
            <field
                name="invoice_repartition_line_ids"
                eval="[(5, 0, 0),
                    (0,0, {
                        'factor_percent': 100,
                        'repartition_type': 'base',
                        'plus_report_expression_ids': [ref('l10n_bg.l10n_bg_tax_report_15_tag')],
                    }),
                    (0,0, {
                        'factor_percent': 100,
                        'repartition_type': 'tax',
                    }),
                ]"
            />
            <field
                name="refund_repartition_line_ids"
                eval="[(5, 0, 0),
                    (0,0, {
                        'factor_percent': 100,
                        'repartition_type': 'base',
                        'minus_report_expression_ids': [ref('l10n_bg.l10n_bg_tax_report_15_tag')],
                    }),
                    (0,0, {
                        'factor_percent': 100,
                        'repartition_type': 'tax',
                    }),
                ]"
            />
        </record>
        <record id="l10n_bg_sale_vat_0_140" model="account.tax.template">
            <field name="sequence">123</field>
            <field name="name">OTH(0%)</field>
            <field name="description">0% Art. 140, 146, 173</field>
            <field name="price_include" eval="0" />
            <field name="amount">0</field>
            <field name="amount_type">percent</field>
            <field name="type_tax_use">sale</field>
            <field name="chart_template_id" ref="l10n_bg_chart_template" />
            <field name="tax_group_id" ref="l10n_bg.tax_group_vat_20" />
            <field
                name="invoice_repartition_line_ids"
                eval="[(5, 0, 0),
                    (0,0, {
                        'factor_percent': 100,
                        'repartition_type': 'base',
                        'plus_report_expression_ids': [ref('l10n_bg.l10n_bg_tax_report_16_tag')],
                    }),
                    (0,0, {
                        'factor_percent': 100,
                        'repartition_type': 'tax',
                    }),
                ]"
            />
            <field
                name="refund_repartition_line_ids"
                eval="[(5, 0, 0),
                    (0,0, {
                        'factor_percent': 100,
                        'repartition_type': 'base',
                        'minus_report_expression_ids': [ref('l10n_bg.l10n_bg_tax_report_16_tag')],
                    }),
                    (0,0, {
                        'factor_percent': 100,
                        'repartition_type': 'tax',
                    }),
                ]"
            />
        </record>
        <record id="l10n_bg_sale_vat_0_21" model="account.tax.template">
            <field name="sequence">124</field>
            <field name="name">Art.21(0%)</field>
            <field
                name="description"
            >With a place of performance on the territory of the EU(0%)</field>
            <field name="price_include" eval="0" />
            <field name="amount">0</field>
            <field name="amount_type">percent</field>
            <field name="type_tax_use">sale</field>
            <field name="chart_template_id" ref="l10n_bg_chart_template" />
            <field name="tax_group_id" ref="l10n_bg.tax_group_vat_20" />
            <field
                name="invoice_repartition_line_ids"
                eval="[(5, 0, 0),
                    (0,0, {
                        'factor_percent': 100,
                        'repartition_type': 'base',
                        'plus_report_expression_ids': [ref('l10n_bg.l10n_bg_tax_report_17_tag')],
                    }),
                    (0,0, {
                        'factor_percent': 100,
                        'repartition_type': 'tax',
                    }),
                ]"
            />
            <field
                name="refund_repartition_line_ids"
                eval="[(5, 0, 0),
                    (0,0, {
                        'factor_percent': 100,
                        'repartition_type': 'base',
                        'minus_report_expression_ids': [ref('l10n_bg.l10n_bg_tax_report_17_tag')],
                    }),
                    (0,0, {
                        'factor_percent': 100,
                        'repartition_type': 'tax',
                    }),
                ]"
            />
        </record>
        <record id="l10n_bg_sale_vat_0_exempt" model="account.tax.template">
            <field name="sequence">125</field>
            <field name="name">EXP(0%)</field>
            <field name="description">0% Exempt</field>
            <field name="price_include" eval="0" />
            <field name="amount">0</field>
            <field name="amount_type">percent</field>
            <field name="type_tax_use">sale</field>
            <field name="chart_template_id" ref="l10n_bg_chart_template" />
            <field name="tax_group_id" ref="l10n_bg.tax_group_vat_20" />
            <field
                name="invoice_repartition_line_ids"
                eval="[(5, 0, 0),
                    (0,0, {
                        'factor_percent': 100,
                        'repartition_type': 'base',
                        'plus_report_expression_ids': [ref('l10n_bg.l10n_bg_tax_report_19_tag')],
                    }),
                    (0,0, {
                        'factor_percent': 100,
                        'repartition_type': 'tax',
                    }),
                ]"
            />
            <field
                name="refund_repartition_line_ids"
                eval="[(5, 0, 0),
                    (0,0, {
                        'factor_percent': 100,
                        'repartition_type': 'base',
                        'minus_report_expression_ids': [ref('l10n_bg.l10n_bg_tax_report_19_tag')],
                    }),
                    (0,0, {
                        'factor_percent': 100,
                        'repartition_type': 'tax',
                    }),
                ]"
            />
        </record>
        <record id="l10n_bg_sale_vat_0_tri" model="account.tax.template">
            <field name="sequence">126</field>
            <field name="name">ICD(0%)</field>
            <field name="description">0% Intra-Community Deliveries - Tripartite</field>
            <field name="price_include" eval="0" />
            <field name="amount">0</field>
            <field name="amount_type">percent</field>
            <field name="type_tax_use">sale</field>
            <field name="chart_template_id" ref="l10n_bg_chart_template" />
            <field name="tax_group_id" ref="l10n_bg.tax_group_vat_20" />
            <field
                name="invoice_repartition_line_ids"
                eval="[(5, 0, 0),
                    (0,0, {
                        'factor_percent': 100,
                        'repartition_type': 'base',
                        'plus_report_expression_ids': [ref('l10n_bg.l10n_bg_tax_report_18_tag')],
                    }),
                    (0,0, {
                        'factor_percent': 100,
                        'repartition_type': 'tax',
                    }),
                ]"
            />
            <field
                name="refund_repartition_line_ids"
                eval="[(5, 0, 0),
                    (0,0, {
                        'factor_percent': 100,
                        'repartition_type': 'base',
                        'minus_report_expression_ids': [ref('l10n_bg.l10n_bg_tax_report_18_tag')],
                    }),
                    (0,0, {
                        'factor_percent': 100,
                        'repartition_type': 'tax',
                    }),
                ]"
            />
        </record>
        <!-- Sales [END] -->

        <!-- Purchases -->
        <!-- Domestic -->
        <record id="l10n_bg_purchase_vat_20_ftc" model="account.tax.template">
            <field name="sequence">201</field>
            <field name="name">FTC(20%)</field>
            <field
                name="description"
            >20% Full tax credit</field> <!-- Full tax credit -->
            <field name="price_include" eval="0" />
            <field name="amount">20</field>
            <field name="amount_type">percent</field>
            <field name="type_tax_use">purchase</field>
            <field name="chart_template_id" ref="l10n_bg_chart_template" />
            <field name="tax_group_id" ref="l10n_bg.tax_group_vat_20" />
            <field
                name="invoice_repartition_line_ids"
                eval="[(5, 0, 0),
                    (0,0, {
                        'factor_percent': 100,
                        'repartition_type': 'base',
                        'plus_report_expression_ids': [ref('l10n_bg.l10n_bg_tax_report_31_tag')],
                    }),
                    (0,0, {
                        'factor_percent': 100,
                        'repartition_type': 'tax',
                        'account_id': ref('l10n_bg_4531'),
                        'plus_report_expression_ids': [ref('l10n_bg.l10n_bg_tax_report_41_tag')]
                        }),
                ]"
            />
            <field
                name="refund_repartition_line_ids"
                eval="[(5, 0, 0),
                    (0,0, {
                        'factor_percent': 100,
                        'repartition_type': 'base',
                        'minus_report_expression_ids': [ref('l10n_bg.l10n_bg_tax_report_31_tag')],
                    }),
                    (0,0, {
                        'factor_percent': 100,
                        'repartition_type': 'tax',
                        'account_id': ref('l10n_bg_4531'),
                        'minus_report_expression_ids': [ref('l10n_bg.l10n_bg_tax_report_41_tag')]
                        }),
                ]"
            />
        </record>
        <record id="l10n_bg_purchase_vat_20_ptc" model="account.tax.template">
            <field name="sequence">202</field>
            <field name="name">PTC(20%)</field>
            <field name="description">20% Partly Tax Credit</field>
            <field name="price_include" eval="0" />
            <field name="amount">20</field>
            <field name="amount_type">percent</field>
            <field name="type_tax_use">purchase</field>
            <field name="chart_template_id" ref="l10n_bg_chart_template" />
            <field name="tax_group_id" ref="l10n_bg.tax_group_vat_20" />
            <field
                name="invoice_repartition_line_ids"
                eval="[(5, 0, 0),
                    (0,0, {
                        'factor_percent': 100,
                        'repartition_type': 'base',
                        'plus_report_expression_ids': [ref('l10n_bg.l10n_bg_tax_report_32_tag')],
                    }),
                    (0,0, {
                        'factor_percent': 100,
                        'repartition_type': 'tax',
                        'account_id': ref('l10n_bg_4531'),
                        'plus_report_expression_ids': [ref('l10n_bg.l10n_bg_tax_report_42_tag')]
                        }),
                ]"
            />
            <field
                name="refund_repartition_line_ids"
                eval="[(5, 0, 0),
                    (0,0, {
                        'factor_percent': 100,
                        'repartition_type': 'base',
                        'minus_report_expression_ids': [ref('l10n_bg.l10n_bg_tax_report_32_tag')],
                    }),
                    (0,0, {
                        'factor_percent': 100,
                        'repartition_type': 'tax',
                        'account_id': ref('l10n_bg_4531'),
                        'minus_report_expression_ids': [ref('l10n_bg.l10n_bg_tax_report_42_tag')]
                        }),
                ]"
            />
        </record>
        <record id="l10n_bg_purchase_vat_9_ftc" model="account.tax.template">
            <field name="sequence">203</field>
            <field name="name">9% FTC</field>
            <field name="description">9% Full Tax Credit</field>
            <field name="price_include" eval="0" />
            <field name="amount">9</field>
            <field name="amount_type">percent</field>
            <field name="type_tax_use">purchase</field>
            <field name="chart_template_id" ref="l10n_bg_chart_template" />
            <field name="tax_group_id" ref="l10n_bg.tax_group_vat_9" />
            <field
                name="invoice_repartition_line_ids"
                eval="[(5, 0, 0),
                    (0,0, {
                        'factor_percent': 100,
                        'repartition_type': 'base',
                        'plus_report_expression_ids': [ref('l10n_bg.l10n_bg_tax_report_31_tag')],
                    }),
                    (0,0, {
                        'factor_percent': 100,
                        'repartition_type': 'tax',
                        'account_id': ref('l10n_bg_4531'),
                        'plus_report_expression_ids': [ref('l10n_bg.l10n_bg_tax_report_41_tag')]
                        }),
                ]"
            />
            <field
                name="refund_repartition_line_ids"
                eval="[(5, 0, 0),
                    (0,0, {
                        'factor_percent': 100,
                        'repartition_type': 'base',
                        'minus_report_expression_ids': [ref('l10n_bg.l10n_bg_tax_report_31_tag')],
                    }),
                    (0,0, {
                        'factor_percent': 100,
                        'repartition_type': 'tax',
                        'account_id': ref('l10n_bg_4531'),
                        'minus_report_expression_ids': [ref('l10n_bg.l10n_bg_tax_report_41_tag')]                 }),
                ]"
            />
        </record>

        <!-- Import outside EU (customs) -->
        <record id="l10n_bg_purchase_vat_20_inv_ftc" model="account.tax.template">
            <field name="sequence">204</field>
            <field name="name">INV(0%)</field>
            <field
                name="description"
            >0% Invoice Import outside EU Self-signed Tax Credit</field>
            <field name="price_include" eval="0" />
            <field name="amount">0</field>
            <field name="amount_type">percent</field>
            <field name="type_tax_use">purchase</field>
            <field name="tax_group_id" ref="l10n_bg.tax_group_vat_0" />
            <field name="chart_template_id" ref="l10n_bg_chart_template" />
            <field
                name="invoice_repartition_line_ids"
                eval="[(5, 0, 0),
                    (0,0, {
                        'factor_percent': 100,
                        'repartition_type': 'base',
                    }),
                    (0,0, {
                        'factor_percent': 100,
                        'repartition_type': 'tax',
                    }),
                ]"
            />
            <field
                name="refund_repartition_line_ids"
                eval="[(5, 0, 0),
                    (0,0, {
                        'factor_percent': 100,
                        'repartition_type': 'base',
                    }),
                    (0,0, {
                        'factor_percent': 100,
                        'repartition_type': 'tax',
                    }),
                ]"
            />
        </record>
        <record id="l10n_bg_purchase_vat_20_otc" model="account.tax.template">
            <field name="sequence">205</field>
            <field name="name">IMP(20%)</field>
            <field name="description">Import outside EU Self-signed Tax Credit</field>
            <field name="price_include" eval="0" />
            <field name="amount">20</field>
            <field name="amount_type">percent</field>
            <field name="type_tax_use">none</field>
            <field name="chart_template_id" ref="l10n_bg_chart_template" />
            <field name="tax_group_id" ref="l10n_bg.tax_group_vat_20" />
            <field
                name="invoice_repartition_line_ids"
                eval="[(5, 0, 0),
                    (0,0, {
                        'factor_percent': 100,
                        'repartition_type': 'base',
                        'plus_report_expression_ids': [ref('l10n_bg.l10n_bg_tax_report_31_tag')],
                    }),
                    (0,0, {
                        'factor_percent': 100,
                        'repartition_type': 'tax',
                        'account_id': ref('l10n_bg_4531'),
                        'plus_report_expression_ids': [ref('l10n_bg.l10n_bg_tax_report_41_tag')]
                        }),
                ]"
            />
            <field
                name="refund_repartition_line_ids"
                eval="[(5, 0, 0),
                    (0,0, {
                        'factor_percent': 100,
                        'repartition_type': 'base',
                        'minus_report_expression_ids': [ref('l10n_bg.l10n_bg_tax_report_31_tag')],
                    }),
                    (0,0, {
                        'factor_percent': 100,
                        'repartition_type': 'tax',
                        'account_id': ref('l10n_bg_4531'),
                        'minus_report_expression_ids': [ref('l10n_bg.l10n_bg_tax_report_41_tag')]
                        }),
                ]"
            />
        </record>

        <!-- import Intra-community deal -->
        <record id="l10n_bg_purchase_vat_20_ftc_ica" model="account.tax.template">
            <field name="sequence">206</field>
            <field name="name">(ICA)20%</field>
            <field
                name="description"
            >20% Full Receivables Tax Credit – Intra-Community Acquisition</field>
            <field name="price_include" eval="0" />
            <field name="amount">20</field>
            <field name="amount_type">group</field>
            <field name="type_tax_use">purchase</field>
            <field name="chart_template_id" ref="l10n_bg_chart_template" />
            <field name="tax_group_id" ref="l10n_bg.tax_group_vat_20" />
            <field
                name="children_tax_ids"
                eval="[(6, 0, [ref('l10n_bg_purchase_vat_20_ica_income'), ref('l10n_bg_purchase_vat_20_ica_receive')])]"
            />
        </record>
        <record id="l10n_bg_purchase_vat_20_ptc_ica" model="account.tax.template">
            <field name="sequence">207</field>
            <field name="name">20% PTC (ICA)</field>
            <field
                name="description"
            >20% Partly Payable Tax Credit – Intra-Community Acquisition</field>
            <field name="price_include" eval="0" />
            <field name="amount">0</field>
            <field name="amount_type">group</field>
            <field name="type_tax_use">purchase</field>
            <field name="chart_template_id" ref="l10n_bg_chart_template" />
            <field name="tax_group_id" ref="l10n_bg.tax_group_vat_20" />
            <field
                name="children_tax_ids"
                eval="[(6, 0, [ref('l10n_bg_purchase_vat_20_p_ica_income'), ref('l10n_bg_purchase_vat_20_p_ica_receive')])]"
            />
        </record>

        <!-- art. 82-->
        <record id="l10n_bg_purchase_vat_20_ftc_82" model="account.tax.template">
            <field name="sequence">208</field>
            <field name="name">FTC(20%)</field>
            <field
                name="description"
            >20% Full Self-signed Receivables Tax Credit – Art. 82(2-5) 3</field>
            <field name="price_include" eval="0" />
            <field name="amount">0</field>
            <field name="amount_type">group</field>
            <field name="type_tax_use">purchase</field>
            <field name="chart_template_id" ref="l10n_bg_chart_template" />
            <field name="tax_group_id" ref="l10n_bg.tax_group_vat_20" />
            <field
                name="children_tax_ids"
                eval="[(6, 0, [ref('l10n_bg_purchase_vat_20_ica_82_income'), ref('l10n_bg_purchase_vat_20_ica_82_receive')])]"
            />
        </record>
        <record id="l10n_bg_purchase_vat_20_ptc_82" model="account.tax.template">
            <field name="sequence">209</field>
            <field name="name">20% PTC (Art. 82)</field>
            <field
                name="description"
            >20% Partly Self-signed Receivables Tax Credit – Art. 82(2-5) 3</field>
            <field name="price_include" eval="0" />
            <field name="amount">0</field>
            <field name="amount_type">group</field>
            <field name="type_tax_use">purchase</field>
            <field name="chart_template_id" ref="l10n_bg_chart_template" />
            <field name="tax_group_id" ref="l10n_bg.tax_group_vat_20" />
            <field
                name="children_tax_ids"
                eval="[(6, 0, [ref('l10n_bg_purchase_vat_20_p_ica_82_income'), ref('l10n_bg_purchase_vat_20_p_ica_82_receive')])]"
            />
        </record>

        <record id="l10n_bg_purchase_vat_9_otc" model="account.tax.template">
            <field name="sequence">213</field>
            <field name="name">9% OTC</field>
            <field name="description">9% Other Tax Credit</field>
            <field name="price_include" eval="0" />
            <field name="amount">9</field>
            <field name="amount_type">percent</field>
            <field name="type_tax_use">purchase</field>
            <field name="chart_template_id" ref="l10n_bg_chart_template" />
            <field name="tax_group_id" ref="l10n_bg.tax_group_vat_9" />
            <field
                name="invoice_repartition_line_ids"
                eval="[(5, 0, 0),
                    (0,0, {
                        'factor_percent': 100,
                        'repartition_type': 'base',
                        'plus_report_expression_ids': [ref('l10n_bg.l10n_bg_tax_report_30_tag')],
                    }),
                    (0,0, {
                        'factor_percent': 100,
                        'repartition_type': 'tax',
                        'account_id': ref('l10n_bg_4532'),
                        'plus_report_expression_ids': [ref('l10n_bg.l10n_bg_tax_report_30_tag')]
                        }),
                ]"
            />
            <field
                name="refund_repartition_line_ids"
                eval="[(5, 0, 0),
                    (0,0, {
                        'factor_percent': 100,
                        'repartition_type': 'base',
                        'minus_report_expression_ids': [ref('l10n_bg.l10n_bg_tax_report_30_tag')],
                    }),
                    (0,0, {
                        'factor_percent': 100,
                        'repartition_type': 'tax',
                        'account_id': ref('l10n_bg_4532'),
                        'minus_report_expression_ids': [ref('l10n_bg.l10n_bg_tax_report_30_tag')]
                        }),
                ]"
            />
        </record>
        <record id="l10n_bg_purchase_vat_0_otc_ica" model="account.tax.template">
            <field name="sequence">231</field>
            <field name="name">0% OTC (ICA)</field>
            <field
                name="description"
            >0% Other Tax Credit – Intra-Community Acquisition</field>
            <field name="price_include" eval="0" />
            <field name="amount">0</field>
            <field name="amount_type">percent</field>
            <field name="type_tax_use">purchase</field>
            <field name="chart_template_id" ref="l10n_bg_chart_template" />
            <field name="tax_group_id" ref="l10n_bg.tax_group_vat_20" />
            <field
                name="invoice_repartition_line_ids"
                eval="[(5, 0, 0),
                    (0,0, {
                        'factor_percent': 100,
                        'repartition_type': 'base',
                        'plus_report_expression_ids': [ref('l10n_bg.l10n_bg_tax_report_19_tag'), ref('l10n_bg.l10n_bg_tax_report_30_tag')],
                    }),
                    (0,0, {
                        'factor_percent': 100,
                        'repartition_type': 'tax',
                    }),
                ]"
            />
            <field
                name="refund_repartition_line_ids"
                eval="[(5, 0, 0),
                    (0,0, {
                        'factor_percent': 100,
                        'repartition_type': 'base',
                        'minus_report_expression_ids': [ref('l10n_bg.l10n_bg_tax_report_19_tag'), ref('l10n_bg.l10n_bg_tax_report_30_tag')],
                    }),
                    (0,0, {
                        'factor_percent': 100,
                        'repartition_type': 'tax',
                    }),
                ]"
            />
        </record>
        <record id="l10n_bg_purchase_vat_0_otc_exempt" model="account.tax.template">
            <field name="sequence">232</field>
            <field name="name">0% OTC (Exempt)</field>
            <field name="description">0% Other Tax Credit – Exempt</field>
            <field name="price_include" eval="0" />
            <field name="amount">0</field>
            <field name="amount_type">percent</field>
            <field name="type_tax_use">purchase</field>
            <field name="chart_template_id" ref="l10n_bg_chart_template" />
            <field name="tax_group_id" ref="l10n_bg.tax_group_vat_20" />
            <field
                name="invoice_repartition_line_ids"
                eval="[(5, 0, 0),
                    (0,0, {
                        'factor_percent': 100,
                        'repartition_type': 'base',
                        'plus_report_expression_ids': [ref('l10n_bg.l10n_bg_tax_report_30_tag')],
                    }),
                    (0,0, {
                        'factor_percent': 100,
                        'repartition_type': 'tax',
                    }),
                ]"
            />
            <field
                name="refund_repartition_line_ids"
                eval="[(5, 0, 0),
                    (0,0, {
                        'factor_percent': 100,
                        'repartition_type': 'base',
                        'minus_report_expression_ids': [ref('l10n_bg.l10n_bg_tax_report_30_tag')],
                    }),
                    (0,0, {
                        'factor_percent': 100,
                        'repartition_type': 'tax',
                    }),
                ]"
            />
        </record>
        <record id="l10n_bg_purchase_vat_0_tri" model="account.tax.template">
            <field name="sequence">233</field>
            <field name="name">0% Tripartite</field>
            <field name="description">0% Tripartite</field>
            <field name="price_include" eval="0" />
            <field name="amount">0</field>
            <field name="amount_type">percent</field>
            <field name="type_tax_use">purchase</field>
            <field name="chart_template_id" ref="l10n_bg_chart_template" />
            <field name="tax_group_id" ref="l10n_bg.tax_group_vat_20" />
            <field
                name="invoice_repartition_line_ids"
                eval="[(5, 0, 0),
                    (0,0, {
                        'factor_percent': 100,
                        'repartition_type': 'base',
                        'plus_report_expression_ids': [ref('l10n_bg.l10n_bg_tax_report_18_tag')],
                    }),
                    (0,0, {
                        'factor_percent': 100,
                        'repartition_type': 'tax',
                    }),
                ]"
            />
            <field
                name="refund_repartition_line_ids"
                eval="[(5, 0, 0),
                    (0,0, {
                        'factor_percent': 100,
                        'repartition_type': 'base',
                        'minus_report_expression_ids': [ref('l10n_bg.l10n_bg_tax_report_18_tag')],
                    }),
                    (0,0, {
                        'factor_percent': 100,
                        'repartition_type': 'tax',
                    }),
                ]"
            />
        </record>
        <!-- Purchase [END] -->
    </data>
</odoo>
