<?xml version="1.0" encoding="utf-8" ?>
<odoo>
    <function name="write" model="ir.model.data">
        <function name="search" model="ir.model.data">
            <value
                eval="[('model', '=', 'account.tax.template'), '|', ('module', '=', 'l10n_bg'), ('module', '=', 'l10n_bg_tax_admin')]"
            />
        </function>
        <value eval="{'noupdate': False, 'module': 'l10n_bg_tax_admin'}" />
    </function>
    <function name="write" model="ir.model.data">
        <function name="search" model="ir.model.data">
            <value
                eval="[('model', '=', 'account.fiscal.position.template'), '|', ('module', '=', 'l10n_bg'), ('module', '=', 'l10n_bg_tax_admin')]"
            />
        </function>
        <value eval="{'noupdate': False, 'module': 'l10n_bg_tax_admin'}" />
    </function>
    <function name="write" model="ir.model.data">
        <function name="search" model="ir.model.data">
            <value
                eval="[('model', '=', 'account.group.template'), '|', ('module', '=', 'l10n_bg'), ('module', '=', 'l10n_bg_tax_admin')]"
            />
        </function>
        <value eval="{'noupdate': False, 'module': 'l10n_bg_tax_admin'}" />
    </function>
    <function name="write" model="ir.model.data">
        <function name="search" model="ir.model.data">
            <value
                eval="[('model', '=', 'account.account.template'), '|', ('module', '=', 'l10n_bg'), ('module', '=', 'l10n_bg_tax_admin')]"
            />
        </function>
        <value eval="{'noupdate': False, 'module': 'l10n_bg_tax_admin'}" />
    </function>
    <function name="write" model="ir.model.data">
        <function name="search" model="ir.model.data">
            <value
                eval="[('model', '=', 'account.chart.template'), '|', ('module', '=', 'l10n_bg'), ('module', '=', 'l10n_bg_tax_admin')]"
            />
        </function>
        <value eval="{'module': 'l10n_bg_tax_admin'}" />
    </function>
</odoo>
