<?xml version="1.0" encoding="utf-8" ?>
<odoo>
    <record id="l10n_bg_chart_template" model="account.chart.template">
        <field name="name">Bulgaria - National Chart of Accounts</field>
        <field name="property_account_receivable_id" ref="l10n_bg_411" />
        <field name="property_account_payable_id" ref="l10n_bg_401" />
        <field name="property_account_expense_categ_id" ref="l10n_bg_601" />
        <field name="property_account_income_categ_id" ref="l10n_bg_709" />
        <field name="property_stock_valuation_account_id" ref="l10n_bg_302" />
        <field name="property_stock_account_input_categ_id" ref="l10n_bg_301" />
        <field name="property_stock_account_output_categ_id" ref="l10n_bg_709" />
        <field name="expense_currency_exchange_account_id" ref="l10n_bg_624" />
        <field name="income_currency_exchange_account_id" ref="l10n_bg_724" />
        <field name="property_tax_payable_account_id" ref="l10n_bg_4539" />
        <field name="property_tax_receivable_account_id" ref="l10n_bg_4538" />
        <field name="property_advance_tax_payment_account_id" ref="l10n_bg_4522" />
        <field name="default_cash_difference_income_account_id" ref="l10n_bg_791" />
        <field name="default_cash_difference_expense_account_id" ref="l10n_bg_691" />
        <field
            name="account_journal_early_pay_discount_loss_account_id"
            ref="l10n_bg_6098"
        />
        <field
            name="account_journal_early_pay_discount_gain_account_id"
            ref="l10n_bg_7098"
        />
    </record>
</odoo>
